book_id,title,publication_date,ISBN,stock_quantity,avarage_rating,price
1,"The Starry Chronicles",2022-03-15,1781234567890,42,4.5,54.08
2,"Secrets of the Enchanted Forest",2022-05-20,1782345678901,39,2.8,81.09
3,"The Lost City of Atlantis",2022-04-10,1783456789012,29,4.7,77.66
4,"Journey to the Cosmic Frontier",2022-06-25,9784567890123,57,4.4,44.41
5,"The Quest for Eternal Wisdom",2022-02-12,1785678901234,18,4.3,29.89
6,"The Time Traveler's Diary",2022-03-30,9786789012345,34,4.6,97.37
7,"Infinite Realms of Imagination",2022-08-18,1787890123456,5,5.0,104.11
8,"Whispers from Another Dimension",2022-05-10,9788901234567,25,4.6,52.23
9,"The Island of Forgotten Dreams",2022-07-22,1789012345678,45,4.2,21.87
10,"Voyage to the End of the Universe",2022-11-01,9780123456789,30,4.8,8.10
11,"Chronicles of the Galactic Heroes",2022-09-14,9783456789012,14,4.4,45.33
12,"Legends of the Starry Skies",2022-10-05,9785678901234,40,4.7,77.16
13,"Realm of Eternal Wonder",2022-08-03,9782345678901,30,4.5,72.05
14,"Mysteries of the Quantum Realm",2022-07-12,9787890123456,25,4.2,116.33
15,"Epic Adventures Beyond Time",2022-04-28,9789012345678,35,4.6,106.75
16,"The Enchanted Kingdom",2023-01-05,1781122334455,20,4.3,37.38
17,"Legends of the Lost Temple",2023-02-10,1782233445566,40,4.7,109.74
18,"The Secrets of the Sphinx",2023-03-15,1783344556677,35,4.6,64.94
19,"Voyage to the Underwater Realm",2023-04-20,1784455667788,30,4.5,34.02
20,"Chronicles of the Hidden Scrolls",2023-05-25,1785566778899,45,4.2,98.43
21,"Epic Adventures of the Brave Knight",2023-06-30,1786677889900,25,4.4,51.84
22,"Mysteries of the Forest Elves",2023-07-05,1787788990011,50,4.8,47.04
23,"Journey to the Magic Kingdom",2023-08-10,9788899001122,30,4.1,93.16
24,"Realm of Dragons and Sorcery",2023-09-15,1789900112233,15,4.6,105.69
25,"Quest for the Crystal Chalice",2023-10-20,1780011223344,35,4.2,112.98
26,"Secrets of the Celestial Stars",2023-11-25,2781122334455,40,4.5,104.89
27,"The Mystic Chronicles",2023-12-30,9782233445566,30,4.7,7.21
28,"The Lost Artifact of Time",2024-01-05,2783344556677,25,4.3,38.74
29,"The Odyssey of the Space Explorers",2024-02-10,2784455667788,35,4.6,21.01
30,"Tales of the Enchanted Forest",2024-03-15,2785566778899,20,4.4,51.40
31,"Nordic Mysteries: A Journey Through Scandinavia",2022-12-10,9781122334451,20,4.5,113.35
32,"Tales of Icelandic Legends",2022-11-15,1782233445561,29,4.4,105.57
33,"The Arctic Expedition Chronicles",2022-10-20,1783344556671,25,4.6,55.13
34,"Legends of the Northern Lights",2022-09-25,1784455667781,35,4.3,10.35
35,"The Viking Sagas: Warriors of the North",2022-08-30,1785566778891,40,4.7,22.98
36,"Fjords and Fairytales",2022-07-05,1786677889901,30,4.2,16.08
37,"The Northern Enchantment",2022-06-10,2787788990011,15,4.8,67.95
38,"Tales of the Sami Reindeer Herders",2022-05-15,1788899001121,25,4.4,74.35
39,"Scandinavian Folklore and Myths",2022-04-20,1789900112231,35,4.6,117.22
40,"Legends of the Baltic Sea",2022-03-25,1780011223341,30,4.1,118.97
41,"The Whispering Woods of Norway",2022-02-28,9781122334452,40,4.5,110.38
42,"Tales from the Finnish Sauna",2022-01-03,9782233445562,30,4.6,63.36
43,"Nordic Cuisine: Flavors of the North",2021-12-05,9783344556672,25,4.7,101.33
44,"The Mystical Lapland",2021-11-10,1784455667782,20,4.3,89.93
45,"Journey to the Sami Lands",2021-10-15,9785566778892,15,4.8,112.93
46,"The Art of Mindful Living",2022-11-15,9781122334453,25,4.6,102.37
47,"Healthy Habits for a Better You",2022-10-20,9782233445563,30,4.3,35.89
48,"Simplify Your Life: Decluttering Guide",2022-09-25,9783344556673,20,4.7,9.95
49,"Finding Balance: Work and Life",2022-08-30,1784455667783,40,4.4,107.44
50,"The Joy of Minimalism",2022-07-05,9785566778893,35,4.8,51.95
51,"Living with Purpose and Passion",2022-06-10,9786677889903,30,4.5,66.68
52,"Mindful Parenting: Raising Happy Kids",2022-05-15,9787788990013,25,4.2,55.63
53,"Healthy Cooking Made Easy",2022-04-20,9788899001123,35,4.6,36.39
54,"The Power of Positivity",2022-03-25,9789900112233,30,4.4,85.57
55,"Happiness in Everyday Life",2022-02-28,9780011223343,40,4.7,21.68
56,"Achieving Financial Freedom",2022-01-03,9781122334454,30,4.5,72.26
57,"The Well-Being Revolution",2021-12-05,9782233445564,25,4.8,119.29
58,"Organize Your Space and Life",2021-11-10,9783344556674,20,4.6,45.98
59,"Living Green: Sustainable Lifestyle",2021-10-15,1784455667784,15,4.3,86.84
60,"Embrace the Outdoors: Nature Connection",2021-09-20,9785566778894,30,4.7,9.96
61,"The Mind-Body Connection",2021-08-25,9786677889904,35,4.4,29.72
62,"Healthy Aging: Fountain of Youth",2021-07-30,9787788990014,40,4.6,57.83
63,"Nourish Your Soul: Self-Care Essentials",2021-06-04,9788899001124,30,4.5,74.29
64,"Stress Less: Anxiety Management",2021-05-09,9789900112234,20,4.8,42.67
65,"Resilience: Bouncing Back Stronger",2021-04-14,9780011223344,25,4.7,111.13
66,"Exploring the Cosmos: A Journey to the Stars",2022-11-15,3781122334455,30,4.6,72.84
67,"Astrobiology and the Search for Extraterrestrial Life",2022-10-20,2782233445566,25,4.3,52.55
68,"The Great Space Odyssey: Humans on Mars",2022-09-25,9783344556675,35,4.7,99.41
69,"Adventures in Zero Gravity",2022-08-30,1784455667785,40,4.4,9.81
70,"Stellar Phenomena: Mysteries of the Universe",2022-07-05,9785566778895,20,4.8,73.97
71,"Alien Worlds: Exploring Exoplanets",2022-06-10,9786677889905,30,4.5,60.46
72,"Black Holes and Wormholes: Portals to the Unknown",2022-05-15,9787788990015,25,4.2,41.33
73,"The Cosmic Journey: From Earth to the Stars",2022-04-20,9788899001125,35,4.6,25.70
74,"Astronaut Diaries: Life in Space",2022-03-25,9789900112235,40,4.4,93.09
75,"Galactic Mysteries: Unraveling the Universe",2022-02-28,9780011223345,30,4.7,64.92
76,"Planetarium: A Visual Tour of Our Solar System",2022-01-03,9781122334456,25,4.5,63.24
77,"The Space Traveler's Guide: Interstellar Adventures",2021-12-05,9782233445567,20,4.8,108.49
78,"Exploring the Unknown: Deep Space Discoveries",2021-11-10,9783344556676,30,4.6,83.43
79,"Alien Encounters: Close Encounters of the Third Kind",2021-10-15,9784455667786,25,4.3,113.01
80,"Beyond Earth: Colonizing the Moon and Mars",2021-09-20,9785566778896,35,4.7,87.45
81,"The Milky Way: Our Cosmic Neighborhood",2021-08-25,9786677889906,40,4.4,79.66
82,"Hubble's Legacy: Capturing the Universe in Images",2021-07-30,9787788990016,30,4.6,84.23
83,"Space Oddities: Bizarre Phenomena in the Cosmos",2021-06-04,9788899001126,20,4.5,29.29
84,"Voyagers: Pioneers of Space Exploration",2021-05-09,9789900112236,25,4.8,35.13
85,"Interplanetary Dreams: The Future of Space Travel",2021-04-14,9780011223346,35,4.7,109.54
86,"Cultural Heritage: Ancient Traditions",2008-12-15,9781122334457,30,4.5,106.96
87,"Lost Traditions: Forgotten Rituals",2006-10-20,9782233445568,25,4.2,104.08
88,"Folklore Chronicles: Tales and Customs",2009-09-25,9783344556677,35,4.7,8.11
89,"The Art of Tradition: Celebrations Worldwide",2007-08-30,9784455667787,40,4.4,17.58
90,"Customs and Beliefs: A Global Perspective",2005-07-05,9785566778897,20,4.8,72.03
91,"The Roots of Culture: Ancestral Traditions",2008-06-10,9786677889907,30,4.6,56.82
92,"Rituals and Ceremonies: Timeless Practices",2004-05-15,9787788990017,25,4.3,74.34
93,"Living Traditions: Heritage Preservation",2009-04-20,9788899001127,35,4.7,76.94
94,"Passing Down Traditions: Generational Wisdom",2006-03-25,9789900112237,40,4.5,85.60
95,"Cultural Customs: Uniting Communities",2008-02-28,9780011223347,30,4.8,105.24
96,"Traditions Around the World: A Journey in Time",2005-01-03,9781122334458,25,4.6,70.11
97,"Heritage Revival: Reconnecting with the Past",2007-12-05,1782233445569,20,4.4,95.42
98,"Global Rituals: Customs and Celebrations",2009-11-10,9783344556678,30,4.7,92.75
99,"Ancient Rites and Ceremonies: Respecting the Past",2004-10-15,9784455667788,25,4.5,110.24
100,"Traces of Tradition: Cultural Legacies",2006-09-20,9785566778898,35,4.8,57.42
101,"Traditions Preserved: A Window to History",2008-08-25,9786677889908,40,4.7,70.76
102,"Legacy of Rituals: A World of Celebrations",2007-07-30,9787788990018,30,4.5,40.56
103,"Cultural Cornerstones: Practices and Customs",2005-06-04,9788899001128,20,4.6,14.65
104,"Living the Legacy: Honoring Our Heritage",2009-05-09,9789900112238,25,4.4,90.81
105,"World Traditions Explored: Shared Histories",2006-04-14,9780011223348,35,4.7,42.18
106,"The Philosophy of Existence",1998-04-15,9781122334459,30,4.5,56.61
107,"Ethics and Moral Dilemmas",1995-11-20,9782233445569,25,4.2,52.34
108,"Philosophical Debates: A Critical View",1992-08-25,9783344556679,35,4.7,48.85
109,"The Mind of Socrates",1999-02-20,9784455667789,40,4.4,62.32
110,"The Art of Reasoning",2000-09-05,9785566778899,20,4.8,32.18
111,"Metaphysical Musings",1993-06-10,9786677889909,30,4.6,87.78
112,"Existentialism and Freedom",1996-05-15,9787788990019,25,4.3,100.64
113,"The Quest for Truth",1991-12-20,9788899001129,35,4.7,56.03
114,"The Philosophy of Wisdom",1997-10-30,9789900112239,40,4.5,15.24
115,"The Nature of Consciousness",1994-09-25,9780011223349,30,4.8,69.20
116,"A History of Philosophy",1992-05-03,9781122334460,25,4.6,79.01
117,"The Philosophy of Ethics",1998-08-05,1782233445560,20,4.4,32.54
118,"Critical Theories: Debating Perspectives",1995-06-10,1783344556680,30,4.7,80.36
119,"The Works of Aristotle",1992-01-15,9784455667790,25,4.5,17.03
120,"Exploring Plato's Dialogues",1996-10-20,1785566778890,35,4.8,67.33
121,"Metaphysics Unveiled",1999-02-28,2786677889900,40,4.7,20.48
122,"The Philosophy of Science",1997-07-30,1787788990010,30,4.5,50.41
123,"The Art of Rational Thinking",1994-05-04,1788899001120,20,4.6,34.38
124,"The Legacy of Aristotle",1998-09-09,1789900112230,25,4.4,111.09
125,"Transcendental Ideals: Kant's Legacy",1996-04-14,1780011223340,35,4.7,105.64
126,"Democracy and Its Challenges",2022-02-15,9781122334450,30,4.2,69.35
127,"Global Diplomacy: A New Era",2021-06-10,9782233445560,25,4.1,37.40
128,"Political Ideologies: A Comparative Study",2022-11-20,9783344556670,35,4.5,65.12
129,"Election Strategies: Winning the Game",2020-04-25,9784455667770,40,4.3,84.00
130,"The Power of Negotiation",2021-08-05,9785566778890,20,4.4,42.22
131,"The Role of International Law",2020-09-30,9786677889900,30,4.0,108.71
132,"Challenges in Global Governance",2019-07-15,9787788990010,34,4.3,99.64
133,"Revolutionary Movements",2021-03-30,9788899001120,40,4.6,43.04
134,"Political Theory: Key Concepts",2019-05-20,9789900112230,25,4.2,94.44
135,"Leadership in a Changing World",2022-05-03,9780011223340,30,4.5,43.73
136,"Understanding Political Systems",2020-11-15,1781122334451,35,4.1,52.37
137,"The Future of Governance",2021-09-28,9782233445561,25,4.3,100.56
138,"Global Conflict Resolution",2022-04-10,9783344556671,20,4.0,117.66
139,"The Art of Diplomacy",2019-01-25,9784455667771,40,4.4,112.71
140,"Policy Analysis: Decision-Making",2020-07-20,9785566778891,30,4.2,66.55
141,"The Politics of Identity",2022-03-10,9786677889901,25,4.5,95.51
142,"Media and Politics: An Examination",2019-05-04,9787788990011,35,4.3,78.06
143,"Environmental Policy Challenges",2022-10-15,9788899001121,20,4.1,55.73
144,"Social Movements and Change",2019-02-05,9789900112231,40,4.5,56.58
145,"Conflict Resolution Strategies",2020-12-20,9780011223341,30,4.2,41.35
146,"The Enigma Files",2010-11-15,1781122334460,30,4.2,58.31
147,"Murder at Midnight",2012-02-21,9782233445570,40,4.4,29.04
148,"The Detective's Dilemma",2011-04-02,9783344556680,35,4.1,81.16
149,"Whodunit Mysteries",2009-09-18,9784455667780,45,4.3,28.43
150,"Intriguing Investigations",2013-07-10,9785566778900,50,4.6,69.04
151,"Secrets of Suspense",2008-08-25,9786677889910,30,4.2,66.32
152,"Cryptic Clues",2011-03-15,9787788990030,25,4.0,52.02
153,"The Mysterious Mansion",2013-11-27,9788899001230,35,4.3,27.93
154,"Suspicion and Shadows",2010-02-20,9789900112350,40,4.5,64.26
155,"Case Closed",2012-04-22,9780011233450,30,4.2,47.56
156,"Twisted Tales",2008-05-15,9781122334461,35,4.1,33.55
157,"In the Shadows",2010-08-30,9782233445571,45,4.4,71.44
158,"Dark Secrets",2011-02-10,9783344556681,40,4.3,96.07
159,"The Unseen Threat",2009-09-03,9784455667781,30,4.0,17.34
161,"Love in Paris",2018-06-25,9781122334462,30,4.2,59.08
162,"Summer of Romance",2019-08-10,9782233445572,40,4.4,41.96
163,"Affairs of the Heart",2020-01-02,9783344556682,35,4.1,100.46
164,"Whispers of Love",2018-03-18,9784455667782,45,4.3,115.58
165,"A Love Story",2017-07-20,9785566778902,50,4.6,68.45
166,"Heartwarming Moments",2019-02-15,9786677889912,28,4.2,32.44
167,"Tales of Passion",2020-05-10,9787788990032,25,4.0,42.77
168,"Rendezvous in Venice",2019-08-27,9788899001232,35,4.3,59.37
169,"Sunset Serenade",2016-04-29,9789900112352,40,4.5,106.60
170,"Love Letters",2020-10-22,9780011233452,30,4.2,118.26
171,"Romantic Getaways",2018-11-15,9781122334463,35,4.1,16.78
172,"Unforgettable Moments",2017-05-30,9782233445573,45,4.4,36.34
173,"Eternal Love",2019-02-18,9783344556683,40,4.3,62.35
174,"Love Beyond Words",2017-08-01,9784455667783,30,4.0,34.92
175,"Cherished Dreams",2016-10-12,9785566778903,25,4.2,10.88
176,"Deadly Secrets",2021-04-15,9781122334464,30,4.2,76.92
177,"The Silent Witness",2020-09-21,9782233445574,40,4.4,111.40
178,"Web of Deceit",2022-02-02,9783344556684,35,4.1,29.99
179,"Unsolved Mysteries",2020-07-18,9784455667784,45,4.3,90.06
180,"The Chase",2021-10-10,9785566778904,50,4.6,9.82
181,"In the Shadows",2020-04-25,9786677889914,30,4.2,83.78
182,"The Hunted",2019-07-15,9787788990034,25,4.0,26.65
183,"Dangerous Pursuits",2022-03-27,9788899001234,35,4.3,60.81
184,"Conspiracy Theories",2021-08-29,9789900112354,40,4.5,113.71
185,"Mystery Thrillers",2019-04-17,9780011233454,30,4.2,95.31
186,"Twisted Plots",2020-05-15,9781122334465,35,4.1,26.37
187,"Deadly Investigations",2019-03-10,9782233445575,45,4.4,63.45
188,"Criminal Minds",2020-01-05,9783344556685,40,4.3,54.10
189,"Killer Instinct",2018-09-15,9784455667785,30,4.0,36.36
190,"Suspenseful Moments",2021-11-12,9785566778905,25,4.2,25.40
191,"Delicious Desserts for Beginners",2022-04-15,2781234567890,50,4.7,94.45
192,"Quick and Easy Weeknight Dinners",2021-09-03,1781234567891,75,4.5,10.70
193,"The Ultimate BBQ Guide",2022-06-20,1781234567892,40,4.8,91.19
194,"Mouthwatering Mediterranean Cuisine",2020-11-14,1781234567893,30,4.6,95.22
195,"Plant-Based Cooking Made Simple",2021-03-10,1781234567894,60,4.9,56.46
196,"Baking Basics: A Step-By-Step Guide",2022-01-25,1781234567895,55,4.4,48.90
197,"Spices and Flavors of India",2019-07-01,1781234567896,25,4.7,58.35
198,"Homestyle Italian Cooking",2020-02-12,1781234567897,45,4.5,76.88
199,"Healthy Eating 101",2020-09-05,1781234567898,70,4.8,20.03
200,"The Art of Sushi",2021-05-28,1781234567899,20,4.7,83.63
201,"Gourmet Grilling Techniques",2021-07-22,9781234567800,35,4.6,99.23
202,"Classic French Cuisine",2020-08-16,1781234567801,60,4.9,67.43
203,"Mexican Fiesta: Tacos, Salsas, and More",2021-03-30,1781234567802,40,4.4,22.80
204,"Vegan Delights: Plant-Powered Recipes",2022-02-11,1781234567803,50,4.5,60.11
205,"Thai Street Food Adventures",2020-12-09,1781234567804,30,4.7,88.02
206,"The Great American Pie Book",2021-01-19,1781234567805,25,4.8,34.18
207,"Mediterranean Meze and Tapas",2020-05-15,1781234567806,55,4.6,81.35
208,"Chinese Takeout at Home",2022-04-05,9181234567807,40,4.5,61.43
209,"Soul Food Favorites",2019-08-28,1781234567808,35,4.7,95.66
210,"Gluten-Free Cooking Explained",2020-03-12,1781234567809,60,4.8,47.96
211,"Quick and Tasty Stir-Fries",2021-06-14,1781234567810,30,4.9,57.12
212,"Baking with Chocolate: Irresistible Treats",2020-07-03,1781234567811,50,4.7,68.57
213,"The Joy of Baking Bread",2022-02-25,1781234567812,45,4.5,79.08
214,"Exploring the Andes: A Hiker's Guide",2022-08-10,1781234567813,30,4.5,70.04
215,"Cruise Adventures in the Caribbean",2022-07-05,1781234567814,45,4.4,114.93
216,"Hidden Gems of Europe",2021-12-20,1781234567815,40,4.7,41.08
217,"Road Tripping Across the USA",2021-11-15,1781234567816,35,4.6,7.74
218,"Island Hopping in Southeast Asia",2022-03-10,1781234567817,50,4.8,50.07
219,"African Safari Tales",2022-05-12,1781234567818,25,4.6,18.69
220,"Romantic Getaways in Italy",2021-08-14,1781234567819,30,4.7,60.20
221,"Backpacking Adventures in South America",2021-09-30,1781234567820,35,4.6,119.00
222,"Solo Traveler's Guide to Asia",2022-01-25,1781234567821,25,4.5,102.96
223,"Exploring the Australian Outback",2022-06-05,1781234567822,20,4.8,71.97
224,"Northern Lights: A Journey to the Arctic",2021-10-20,1781234567823,40,4.7,80.53
225,"Cultural Wonders of India",2022-03-18,1781234567824,55,4.9,27.68
226,"Scenic Beauty of New Zealand",2021-07-10,1781234567825,30,4.6,78.29
227,"Historical European Cities",2022-02-09,1781234567826,45,4.5,119.32
228,"Adventures in the Amazon Rainforest",2021-04-15,1781234567827,35,4.7,47.73
229,"The Serengeti Wildlife Expedition",2022-04-28,1781234567828,25,4.5,66.18
230,"Discovering Japan's Traditions",2021-02-05,1781234567829,30,4.8,113.80
231,"Exploring the Amazon River",2022-08-15,1781234567830,40,4.7,87.84
232,"The Enigmatic Mystery",2023-01-05,9781234567801,30,4.5,116.51
233,"Lost in Time",2023-02-15,9781234567802,40,4.4,28.69
234,"Eternal Sunshine",2023-02-20,9781234567803,25,4.7,112.18
235,"The Whispering Shadows",2022-12-08,9781234567804,50,4.6,46.62
236,"Unbreakable Bonds",2023-01-30,9781234567805,35,4.8,100.50
237,"Echoes of Eternity",2022-12-25,9781234567806,45,4.6,43.40
238,"The Art of Forgiveness",2022-11-20,9781234567807,40,4.5,57.41
239,"The Last Embrace",2023-02-10,9781234567808,30,4.7,43.43
240,"Shattered Reflections",2022-10-15,9781234567809,35,4.6,116.65
241,"Beyond the Horizon",2023-01-18,9781234567810,55,4.9,62.22
242,"Fragments of Yesterday",2022-09-30,9781234567811,30,4.6,42.40
243,"Hidden Desires",2022-11-08,9781234567812,40,4.7,29.74
244,"Twisted Truths",2022-09-05,9781234567813,35,4.6,57.18
245,"The Silent Scream",2022-10-28,9781234567814,25,4.5,73.15
246,"Dark Secrets",2022-08-25,9781234567815,30,4.8,22.79
247,"Eternal Love",2023-03-01,9781234567816,20,4.7,68.69
248,"Whispers in the Dark",2023-02-12,9781234567817,40,4.8,27.35
249,"The Untold Journey",2022-11-05,9781234567818,35,4.6,79.57
250,"Ghosts of the Past",2022-10-05,9781234567819,40,4.5,103.82
251,"The Broken Promise",2022-09-15,9781234567820,30,4.7,96.63
252,"When the Rain Falls",2023-02-25,9781234567821,45,4.9,51.14
253,"Torn Hearts",2022-10-12,9781234567822,35,4.6,39.31
254,"Reflections of Hope",2022-09-08,9781234567823,40,4.5,8.30
255,"The Hidden Truth",2022-11-22,9781234567824,50,4.7,82.72
256,"Chasing Dreams",2022-12-30,9781234567825,55,4.8,10.73
257,"Moonlit Whispers",2023-01-15,9781234567826,40,4.6,102.26
258,"The Secret Garden",2022-12-05,9781234567827,35,4.7,82.47
259,"Crimson Hearts",2022-09-28,9781234567828,25,4.6,82.65
260,"The Scarlet Letter",2022-08-18,9781234567829,30,4.8,81.45
261,"The Haunting Melody",2022-11-15,2781234567830,45,4.7,27.26
262,"Whispers in the Wind",2022-09-18,9781234567831,35,4.6,79.46
263,"Silent Echoes",2022-10-28,9781234567832,30,4.5,61.03
264,"Stolen Moments",2022-08-12,9781234567833,40,4.7,65.70
265,"The Captive Heart",2022-12-10,9781234567834,20,4.6,118.36
266,"Eternal Shadows",2022-11-08,9781234567835,35,4.8,100.68
267,"The Enchanted Forest",2023-01-08,9781234567836,50,4.6,43.82
268,"Hearts Afire",2023-02-05,9781234567837,40,4.7,11.21
269,"The Whispering Pines",2023-02-25,9781234567838,45,4.5,30.80
270,"A Castle in the Sky",2023-01-28,9781234567839,30,4.7,37.10
271,"The Secret Path",2022-10-30,9781234567840,35,4.6,112.24
272,"The Hidden Treasures",2022-09-20,9781234567841,25,4.5,64.05
273,"Eternal Spring",2022-11-10,9781234567842,40,4.7,100.46
274,"The Forbidden Love",2022-09-12,9781234567843,30,4.6,11.29
275,"The Enchanted Lake",2023-02-15,9781234567844,35,4.8,68.66
276,"Moonlight Serenade",2022-08-15,9781234567845,25,4.7,60.63
277,"Echoes of the Heart",2022-09-10,9781234567846,40,4.5,20.80
278,"The Dancing Leaves",2023-01-12,9781234567847,30,4.6,66.92
279,"Hearts in Harmony",2022-11-30,9781234567848,45,4.7,23.09
280,"The Lost Paradise",2022-10-12,9781234567849,20,4.8,54.36
281,"Whispers of the Sea",2022-12-22,9781234567850,35,4.6,62.34
282,"Clockwork Dreams",2022-10-15,9781234567851,30,4.6,100.55
283,"The Brass Conspiracies",2022-11-18,9781234567852,25,4.7,106.29
284,"Steam and Shadows",2022-09-28,9781234567853,35,4.6,19.10
285,"Machines of Magic",2023-01-05,9781234567854,45,4.5,82.72
286,"The Gears of Destiny",2022-12-30,9781234567855,40,4.7,119.82
287,"Airship Adventure",2022-10-05,9781234567856,50,4.6,52.70
288,"Clockwork Chronicles",2023-01-18,9781234567857,30,4.8,57.41
289,"The Steam Revolution",2022-09-20,9781234567858,25,4.6,106.33
290,"Cogwheels and Corsets",2022-11-08,9781234567859,40,4.5,66.91
291,"City of Steam",2023-02-05,9781234567860,35,4.7,86.18
292,"The Inventors Daughter",2022-10-25,9781234567861,45,4.6,89.25
293,"Aether Alchemy",2022-12-18,9781234567862,55,4.8,63.03
294,"The Mechanical Mage",2023-02-25,9781234567863,30,4.6,82.28
295,"Clockwork Carnival",2022-09-15,9781234567864,25,4.7,13.09
296,"The Sky Captain",2022-10-28,9781234567865,40,4.6,38.73
297,"Steampunk Sorcery",2022-11-22,9781234567866,35,4.5,82.89
298,"Empire of Gears",2023-02-15,9781234567867,50,4.7,98.05
299,"The Airship Adventurer",2022-09-18,9781234567868,40,4.6,22.94
300,"Gears of Glory",2023-01-28,9781234567869,35,4.8,89.24
301,"Steam-powered Secrets",2022-12-08,9781234567870,30,4.6,83.41
302,"Clockwork Conquests",2022-09-08,9781234567871,45,4.7,77.61
303,"Steampunk Safari",2022-11-30,9781234567872,40,4.6,98.17
304,"The Clockwork Chronicles",2022-08-25,9781234567873,25,4.5,111.29
305,"Steam and Sorcery",2022-10-18,9781234567874,55,4.7,114.36
306,"Mysteries of the Gears",2023-01-12,9781234567875,30,4.6,24.35
307,"The Winning Shot",2023-02-10,9781234567876,40,4.7,23.08
308,"Soccer Legends",2023-01-15,9781234567877,50,4.6,61.83
309,"Champion's Playbook",2023-01-20,9781234567878,35,4.6,42.75
310,"Beyond the Finish Line",2023-01-30,9781234567879,30,4.5,64.39
311,"Hoops and Dreams",2023-02-20,9781234567880,45,4.7,17.98
312,"Golfing Greats",2023-01-18,9781234567881,30,4.8,65.29
313,"The Soccer Star",2023-01-25,9781234567882,55,4.5,105.98
314,"Victory in Volleyball",2023-02-05,9781234567883,40,4.6,23.62
315,"Run to Win",2023-02-12,9781234567884,35,4.7,102.42
316,"Wrestling Warriors",2023-02-25,9781234567885,30,4.6,65.10
317,"Basketball Strategies",2023-01-05,9781234567886,50,4.7,94.46
318,"Baseball Magic",2023-02-08,9781234567887,45,4.6,68.47
319,"The Tennis Titan",2023-01-10,9781234567888,40,4.8,87.54
320,"Sailing to Victory",2023-01-28,9781234567889,35,4.6,106.61
321,"Kickboxing Techniques",2023-01-22,9781234567890,30,4.7,52.97
322,"Cycling Secrets",2023-01-15,9781234567891,55,4.6,108.50
323,"Hockey Heroes",2023-02-18,9781234567892,30,4.5,94.98
324,"Track and Field Triumphs",2023-02-01,9781234567893,50,4.7,24.61
325,"Surfing Safaris",2023-02-12,9781234567894,40,4.6,16.16
326,"Powerlifting Prodigies",2023-01-30,9781234567895,45,4.5,68.81
327,"Athletic Adventures",2023-02-10,9781234567896,35,4.7,28.50
328,"Extreme Sports Escapades",2023-01-18,9781234567897,30,4.6,93.63
329,"Fitness Fundamentals",2023-02-20,9781234567898,25,4.8,47.61
330,"Aquatic Achievements",2023-01-12,9781234567899,40,4.7,98.49
331,"Mountain Climbing Chronicles",2023-01-22,9781234567900,45,4.6,71.05
332,"Martial Arts Mastery",2023-02-05,9781234567901,55,4.7,43.46
333,"Gymnastics Greatness",2023-01-05,9781234567902,30,4.5,86.97
334,"Snowboarding Stories",2023-02-18,9781234567903,40,4.7,54.27
335,"Equestrian Excellence",2023-02-25,9781234567904,35,4.6,96.36
336,"Surfing Secrets",2023-02-15,9781234567905,45,4.8,83.14
337,"The Entrepreneur's Guide",2023-03-05,9781234567906,60,4.8,52.20
338,"Marketing Mastery",2023-02-01,9781234567907,70,4.7,106.26
339,"Leadership Lessons",2023-02-18,9781234567908,55,4.6,112.67
340,"Financial Freedom",2023-03-10,9781234567909,50,4.5,31.37
341,"The Art of Negotiation",2023-02-15,9781234567910,40,4.6,66.84
342,"Start-up Success",2023-03-15,9781234567911,45,4.7,9.49
343,"Economic Empowerment",2023-03-22,9781234567912,60,4.8,110.31
344,"Business Innovation",2023-02-10,9781234567913,70,4.7,116.94
345,"Financial Strategies",2023-03-18,9781234567914,55,4.6,97.64
346,"The MBA Mindset",2023-03-28,9781234567915,50,4.5,104.22
347,"Investment Insights",2023-02-28,9781234567916,40,4.6,94.14
348,"Entrepreneurial Excellence",2023-03-25,9781234567917,45,4.7,100.06
349,"Digital Marketing Domination",2023-02-12,9781234567918,60,4.8,86.74
350,"The Lean Startup",2023-03-02,9781234567919,70,4.7,13.79
351,"Business Ethics",2023-03-12,9781234567920,55,4.6,14.49
352,"Sales Success",2023-03-08,9781234567921,50,4.5,26.45
353,"Supply Chain Strategies",2023-02-22,9781234567922,40,4.6,33.09
354,"Marketing for Small Businesses",2023-03-20,9781234567923,45,4.7,46.22
355,"Leadership Principles",2023-03-05,9781234567924,60,4.8,85.49
356,"The Art of Management",2023-02-05,9781234567925,70,4.7,64.36
357,"Financial Management",2023-03-10,9781234567926,55,4.6,108.87
358,"Business Planning",2023-02-25,9781234567927,50,4.5,26.10
359,"Corporate Strategy",2023-03-15,9781234567928,40,4.6,87.65
360,"Start-up Stories",2023-02-28,9781234567929,45,4.7,40.94
361,"Leadership in a Digital Age",2023-03-18,9781234567930,60,4.8,92.28
362,"Economic Growth",2023-02-15,9781234567931,70,4.7,77.54
363,"Financial Planning",2023-03-28,9781234567932,55,4.6,50.01
364,"The MBA Handbook",2023-02-10,9781234567933,50,4.5,91.21
365,"Investment Strategies",2023-03-22,9781234567934,40,4.6,106.55
366,"Entrepreneurial Insights",2023-03-05,9781234567935,45,4.7,43.80
367,"Digital Marketing Strategies",2023-02-01,9781234567936,60,4.8,9.41
368,"The Art of Business",2023-02-18,9781234567937,70,4.7,65.60
369,"Business Ethics and Sustainability",2023-03-10,9781234567938,55,4.6,100.25
370,"Sales and Marketing Mastery",2023-02-15,9781234567939,50,4.5,66.40
371,"Supply Chain Management",2023-03-15,9781234567940,40,4.6,25.31
372,"Marketing for Entrepreneurs",2023-02-28,9781234567941,45,4.7,107.23
373,"Leadership in Today's World",2023-03-18,9781234567942,60,4.8,34.20
374,"Business Growth Strategies",2023-02-10,9781234567943,70,4.7,101.03
375,"Financial Strategies for Success",2023-03-25,9781234567944,55,4.6,97.54
376,"Start-up Revolution",2023-03-22,9781234567945,50,4.5,77.13
377,"Leadership Lessons from CEOs",2023-02-12,9781234567946,40,4.6,91.35
378,"Digital Marketing Trends",2023-03-02,9781234567947,45,4.7,17.00
379,"The Lean Startup Guide",2023-02-22,9781234567948,60,4.8,108.98
380,"Business Culture and Ethics",2023-03-05,9781234567949,70,4.7,38.36
381,"Sales and Negotiation Tactics",2023-03-12,9781234567950,55,4.6,18.79
382,"Strategic Supply Chain Management",2023-02-05,9781234567951,50,4.5,104.68
383,"Marketing Strategies for Small Businesses",2023-03-20,9781234567952,40,4.6,62.52
384,"Leadership Insights from Successful CEOs",2023-02-18,9781234567953,45,4.7,110.80
385,"Sustainable Business Practices",2023-03-08,9781234567954,60,4.8,100.01
386,"Financial Mastery",2023-03-25,9781234567955,70,4.7,59.24
387,"The Art of Entrepreneurship",2023-02-18,9781234567956,55,4.6,19.30
388,"Business Growth Strategies for the 21st Century",2023-02-12,9781234567957,50,4.5,8.53
389,"Investing in Your Future",2023-03-02,9781234567958,40,4.6,19.68
390,"Leadership Excellence",2023-02-25,9781234567959,45,4.7,84.66
391,"Digital Marketing Strategies for Success",2023-02-05,9781234567960,60,4.8,89.96
392,"The Lean Startup Method",2023-03-15,9781234567961,70,4.7,60.09
393,"Business Ethics and Social Responsibility",2023-03-05,9781234567962,55,4.6,8.98
394,"The Holy Bible",2023-03-05,9781234568001,60,3.9,115.65
395,"The Quran",2023-02-01,9781234568002,70,3.8,48.52
396,"The Bhagavad Gita",2023-02-18,9781234568003,55,3.7,31.82
397,"The Torah",2023-03-10,9781234568004,50,3.6,29.61
398,"The Book of Mormon",2023-02-15,9781234568005,40,3.5,108.99
399,"The Tripitaka",2023-03-15,9781234568006,45,3.4,86.39
400,"The Guru Granth Sahib",2023-03-22,9781234568007,60,3.3,60.54
401,"The Tao Te Ching",2023-02-10,9781234568008,70,3.2,13.50
402,"The Book of Shadows",2023-03-18,9781234568009,55,3.1,103.96
403,"The Book of Enoch",2023-03-28,9781234568010,50,4.0,111.19
404,"The Book of the Dead",2023-02-28,9781234568011,40,4.0,11.06
405,"The Tibetan Book of the Dead",2023-03-25,9781234568012,45,3.9,76.29
406,"The Gospel of Mary",2023-02-12,9781234568013,60,3.8,97.63
407,"The Gospel of Judas",2023-03-02,9781234568014,70,3.7,99.74
408,"The Upanishads",2023-03-12,9781234568015,55,3.6,59.08
409,"The Talmud",2023-03-08,9781234568016,50,3.5,17.16
410,"The I Ching",2023-02-22,9781234568017,40,3.4,17.24
411,"The Vedas",2023-03-20,9781234568018,45,3.3,109.01
412,"The Apocrypha",2023-03-05,9781234568019,60,3.2,111.65
413,"The Gnostic Gospels",2023-02-05,9781234568020,70,3.1,99.77
414,"The Zohar",2023-03-10,9781234568021,55,3.0,26.44
415,"The Tao of Pooh",2023-02-25,9781234568022,50,3.9,78.45
416,"The Book of Kells",2023-03-15,9781234568023,40,3.8,118.98
417,"The Book of Awakening",2023-02-18,9781234568024,45,3.7,15.98
418,"The Yoga Sutras",2023-03-25,9781234568025,60,3.6,63.55
419,"The Heart of Christianity",2023-02-15,9781234568026,70,3.5,43.38
420,"The Essential Rumi",2023-03-22,9781234568027,55,3.4,115.37
421,"The Varieties of Religious Experience",2023-02-10,9781234568028,50,3.3,7.01
422,"The Kingdom of God Is Within You",2023-03-18,9781234568029,40,3.2,102.34
423,"A Course in Miracles",2023-03-05,9781234568030,45,3.1,116.93
424,"The End of Your World",2023-02-01,9781234568031,60,3.0,42.53
425,"Silent Spring",2023-03-01,9781234568032,60,4.0,38.45
426,"The Sixth Extinction",2023-03-02,9781234568033,70,3.9,63.38
427,"Desert Solitaire",2023-03-03,9781234568034,55,3.8,35.77
428,"A Sand County Almanac",2023-03-04,9781234568035,50,3.7,35.30
429,"The Lorax",2023-03-05,9781234568036,40,3.6,79.00
430,"The Nature Principle",2023-03-06,9781234568037,45,3.5,23.00
431,"Cadillac Desert",2023-03-07,9781234568038,60,3.4,61.18
432,"The Water Will Come",2023-03-08,9781234568039,70,3.3,98.26
433,"An Inconvenient Truth",2023-03-09,9781234568040,55,3.2,39.48
434,Walden,2023-03-10,9781234568041,50,3.1,17.34
435,"The End of Nature",2023-03-11,9781234568042,60,4.0,18.22
436,"The Uninhabitable Earth",2023-03-12,9781234568043,70,4.0,97.64
437,"The Overstory",2023-03-13,9781234568044,55,3.9,19.11
438,Collapse,2023-03-14,9781234568045,50,3.8,72.62
439,"The Ecology of Commerce",2023-03-15,9781234568046,40,3.7,14.55
440,"This Changes Everything",2023-03-16,9781234568047,45,3.6,41.84
441,"The Weather Makers",2023-03-17,9781234568048,60,3.5,18.42
442,"The Worst Hard Time",2023-03-18,9781234568049,70,3.4,74.14
443,"Pilgrim at Tinker Creek",2023-03-19,9781234568050,55,3.3,79.61
444,"A Sand County Almanac",2023-03-20,9781234568051,50,3.2,27.27
445,"The Lorax",2023-03-21,9781234568052,40,3.1,27.91
446,"Silent Spring",2023-03-22,9781234568053,45,3.0,99.76
447,"The Nature Principle",2023-03-23,9781234568054,60,3.9,31.61
448,"Cadillac Desert",2023-03-24,9781234568055,70,3.8,52.95
449,"The Water Will Come",2023-03-25,9781234568056,55,3.7,89.99
450,"An Inconvenient Truth",2023-03-26,9781234568057,50,3.6,86.21
451,Walden,2023-03-27,9781234568058,40,3.5,54.31
452,"The End of Nature",2023-03-28,9781234568059,45,3.4,29.31
453,"The Uninhabitable Earth",2023-03-29,9781234568060,60,3.3,43.69
454,"The Overstory",2023-03-30,9781234568061,70,3.2,59.20
455,Collapse,2023-03-31,9781234568062,55,3.1,114.25
456,"The Ecology of Commerce",2023-04-01,9781234568063,50,3.0,54.63
457,"This Changes Everything",2023-04-02,9781234568064,40,3.9,60.91
458,"The Weather Makers",2023-04-03,9781234568065,45,3.8,25.83
459,"The Worst Hard Time",2023-04-04,9781234568066,60,3.7,43.34
460,"Pilgrim at Tinker Creek",2023-04-05,9781234568067,70,3.6,109.99
461,"The Secret Garden",2023-04-06,9781234568068,55,3.5,93.59
462,"The Ocean at the End of the Lane",2023-04-07,9781234568069,50,3.4,101.55
463,"The Name of the Wind",2023-04-08,9781234568070,40,3.3,58.84
464,"The Wise Man's Fear",2023-04-09,9781234568071,45,3.2,21.12
465,"The Slow Regard of Silent Things",2023-04-10,9781234568072,60,3.1,69.31
466,"City of Stairs",2023-04-11,9781234568073,70,3.0,27.17
467,"City of Blades",2023-04-12,9781234568074,55,3.9,83.13
468,"City of Miracles",2023-04-13,9781234568075,50,3.8,104.92
469,Elantris,2023-04-14,9781234568076,40,3.7,118.36
470,"Mistborn: The Final Empire",2023-04-15,9781234568077,45,3.6,43.92
471,"Mistborn: The Well of Ascension",2023-04-16,9781234568078,60,3.5,94.81
472,"Mistborn: The Hero of Ages",2023-04-17,9781234568079,70,3.4,63.58
473,"The Way of Kings",2023-04-18,9781234568080,55,3.3,86.69
474,"Words of Radiance",2023-04-19,9781234568081,50,3.2,87.39
475,Oathbringer,2023-04-20,9781234568082,40,3.1,116.18
476,Edgedancer,2023-04-21,9781234568083,45,3.0,56.71
477,"Whispers of the Heart",2023-04-22,9781234568109,50,2.0,48.91
478,"Eternal Echoes",2023-04-23,9781234568110,45,2.1,12.41
479,"Soulful Verses",2023-04-24,9781234568111,60,2.2,89.49
480,"Midnight Sonnets",2023-04-25,9781234568112,70,2.3,55.63
481,"Dance of Words",2023-04-26,9781234568113,55,2.4,92.21
482,"Whispers in the Breeze",2023-04-27,9781234568114,65,2.5,118.15
483,"Ink and Dreams",2023-04-28,9781234568115,45,2.6,86.71
484,"Verses of the Heart",2023-04-29,9781234568116,40,2.7,27.26
485,"Ethereal Poems",2023-04-30,9781234568117,50,2.8,34.42
486,"Starry Serenades",2023-05-01,9781234568118,55,2.9,23.58
487,"Golden Sonnets",2023-05-02,9781234568119,60,3.0,69.95
488,"Aurora Rhymes",2023-05-03,9781234568120,70,3.1,12.99
489,"Lyrical Reflections",2023-05-04,9781234568121,45,3.2,119.02
490,"Whispers of Dreams",2023-05-05,9781234568122,60,3.3,47.86
491,"Solitude Sonnets",2023-05-06,9781234568123,70,3.4,52.96
492,"Stardust Verses",2023-05-07,9781234568124,55,3.5,37.11
493,"Echoes in the Night",2023-05-08,9781234568125,45,3.6,109.94
494,"Inkwell Melodies",2023-05-09,9781234568126,50,3.7,106.76
495,"Celestial Rhymes",2023-05-10,9781234568127,40,3.8,24.38
496,"Whispers of the Soul",2023-05-11,9781234568128,60,3.9,90.18
497,"Midnight Musings",2023-05-12,9781234568129,70,4.0,90.80
498,"Whispering Poesy",2023-05-13,9781234568130,55,4.0,117.03
499,"Eternal Echoes Pt. II",2023-05-14,9781234568131,45,3.9,93.45
500,"Stars and Stanzas",2023-05-15,9781234568132,49,3.8,82.53
501,"Serene Sonnets",2023-05-16,9781234568133,40,3.7,110.78
502,"The Adventure of Mr. Teddy Bear",2023-06-01,9781234568134,80,4.5,118.46
503,"The Magical Kingdom",2023-06-02,9781234568135,70,4.4,69.55
504,"Mystery in Candyland",2023-06-03,9781234568136,60,4.3,90.61
505,"The Brave Little Knight",2023-06-04,9781234568137,75,4.2,105.82
506,"Alice in Whimsyland",2023-06-05,9781234568138,85,4.1,33.38
507,"The Enchanted Forest",2023-06-06,9781234568139,55,4.0,100.17
508,"Adventures of Captain Sunshine",2023-06-07,9781234568140,90,4.0,31.86
509,"Charlie and the Color Factory",2023-06-08,9781234568141,50,3.9,74.22
510,"Dinosaur Detective",2023-06-09,9781234568142,65,3.8,91.61
511,"Winnie the Wizard",2023-06-10,9781234568143,55,3.7,61.16
512,"Pirate Pete and His Parrot",2023-06-11,9781234568144,75,3.6,21.51
513,"The Magic Paintbrush",2023-06-12,9781234568145,60,3.5,53.20
514,"The Adventures of Dolly and Bobby",2023-06-13,9781234568146,70,3.4,61.28
515,"The Little Train That Could",2023-06-14,9781234568147,45,3.3,92.85
516,"Jungle Safari with Timmy",2023-06-15,9781234568148,80,3.2,111.08
517,"Little Red Riding Hood Reimagined",2023-06-16,9781234568149,65,3.1,103.21
518,"The Space Adventures of Ziggy",2023-06-17,9781234568150,70,3.0,21.00
519,"The Daring Adventures of Lucy",2023-06-18,9781234568151,55,3.0,25.72
520,"The Mystery of the Missing Cookie",2023-06-19,9781234568152,50,3.0,75.41
521,"Unicorn Dreams",2023-06-20,9781234568153,60,2.0,15.09
522,"Lilly of the Valley",2021-12-01,6738295843123,45,NULL,12.50
523,"One nightstand",2023-02-13,9432818747232,60,NULL,23.60
527,"The second hope",2021-03-16,23784930290,9,4.0,23.70
