order_id,customer_id,order_date,status,payment_id
1,206,2023-08-10,Delivered,993
3,148,2022-12-08,Pending,798
4,74,2023-05-29,Pending,324
5,300,2023-01-29,Delivered,531
6,11,2023-07-19,Delivered,1530
7,113,2023-03-23,Pending,1531
8,192,2023-01-04,Pending,1068
9,4,2023-04-14,Pending,1532
10,148,2023-08-05,Pending,1533
11,204,2023-10-11,Pending,638
12,95,2023-04-29,Delivered,1251
13,132,2023-03-14,Delivered,306
14,253,2023-02-05,Delivered,1534
15,270,2023-08-11,Pending,548
16,68,2023-09-30,Delivered,1275
17,203,2023-01-06,Pending,585
18,265,2023-01-04,Pending,7
19,81,2023-08-22,Pending,1061
20,188,2023-04-23,Cancelled,748
21,169,2023-05-16,Delivered,80
22,274,2022-11-02,Delivered,1071
23,44,2023-07-31,Pending,481
24,263,2023-08-26,Delivered,1459
25,93,2023-03-05,Pending,583
26,227,2023-04-29,Pending,1382
27,261,2023-05-01,Pending,645
28,219,2023-07-19,Pending,205
29,179,2023-10-04,Cancelled,1535
30,150,2023-03-20,Cancelled,1236
31,305,2023-05-26,Cancelled,1512
32,276,2023-03-12,Pending,1428
33,157,2023-08-17,Delivered,595
34,298,2022-10-31,Pending,1955
35,227,2022-11-27,Pending,889
36,288,2023-03-01,Pending,392
37,209,2022-11-21,Pending,664
38,26,2023-06-17,Pending,818
39,224,2023-05-27,Cancelled,1338
40,118,2023-04-08,Pending,1346
41,178,2023-04-04,Cancelled,345
42,21,2023-05-16,Cancelled,1536
43,284,2023-08-25,Cancelled,1537
44,81,2023-10-08,Pending,211
45,155,2023-02-25,Pending,672
46,144,2023-06-01,Pending,1101
47,184,2023-08-26,Delivered,207
48,273,2023-08-29,Pending,1291
49,184,2023-09-27,Cancelled,11
50,86,2022-11-23,Delivered,984
51,108,2023-06-14,Cancelled,700
52,83,2022-12-06,Delivered,1538
53,273,2023-06-11,Cancelled,20
54,37,2023-05-10,Delivered,960
55,274,2023-09-17,Pending,419
56,174,2023-10-01,Pending,577
57,99,2023-04-01,Cancelled,1956
58,167,2023-05-11,Cancelled,1539
59,14,2023-08-06,Cancelled,1957
60,1,2023-10-09,Pending,1081
61,286,2023-08-15,Delivered,242
62,285,2023-01-15,Delivered,1540
63,57,2023-06-30,Cancelled,1195
64,188,2023-05-03,Delivered,1541
65,144,2023-01-29,Pending,1296
66,222,2022-12-24,Pending,1542
67,276,2023-09-29,Pending,689
68,150,2022-12-08,Delivered,636
69,90,2023-05-03,Pending,349
70,158,2023-01-20,Delivered,1318
71,91,2022-12-28,Pending,266
72,187,2023-05-22,Cancelled,1102
73,298,2023-09-16,Pending,1250
74,54,2023-06-26,Pending,1958
75,44,2023-01-10,Pending,825
76,277,2023-06-13,Pending,891
77,281,2023-05-30,Pending,981
78,252,2023-03-13,Pending,596
79,237,2023-09-21,Cancelled,1449
80,55,2023-07-13,Cancelled,1160
81,175,2023-10-02,Pending,904
82,142,2022-11-07,Delivered,1223
83,183,2023-04-29,Delivered,571
84,172,2023-09-25,Cancelled,203
85,74,2023-10-13,Pending,224
86,67,2023-02-02,Cancelled,877
87,61,2023-08-28,Cancelled,810
88,133,2023-09-24,Delivered,1959
89,195,2023-01-15,Delivered,745
90,217,2022-11-24,Cancelled,1150
91,153,2023-03-29,Pending,507
92,174,2023-09-15,Pending,1181
93,71,2022-12-28,Delivered,831
94,307,2023-08-05,Cancelled,368
95,299,2023-04-29,Delivered,439
96,63,2023-09-05,Delivered,227
97,237,2023-01-25,Delivered,800
98,160,2023-07-10,Delivered,1543
99,95,2023-03-16,Delivered,1960
100,162,2022-11-02,Cancelled,940
101,68,2023-04-26,Pending,782
102,224,2022-11-15,Delivered,1544
103,146,2023-04-09,Delivered,389
104,255,2023-07-30,Delivered,1545
105,210,2022-12-22,Delivered,72
106,228,2023-06-10,Delivered,433
107,279,2022-10-19,Pending,1546
108,173,2023-03-21,Pending,1961
109,66,2023-06-05,Pending,1962
110,27,2023-07-03,Delivered,263
111,94,2023-08-18,Delivered,1547
112,92,2022-11-13,Delivered,660
113,117,2023-06-21,Pending,1548
114,212,2023-08-05,Delivered,864
116,307,2022-11-06,Cancelled,1549
117,75,2023-06-21,Pending,169
118,52,2023-08-25,Delivered,1550
119,84,2023-02-12,Pending,259
120,121,2022-12-17,Cancelled,945
121,309,2023-04-14,Delivered,1055
122,282,2023-09-18,Pending,1463
123,73,2023-05-03,Cancelled,1551
124,274,2023-05-31,Pending,715
125,17,2023-03-31,Cancelled,1284
126,176,2023-08-29,Pending,1552
127,2,2023-08-22,Delivered,844
128,107,2023-05-28,Pending,1553
129,247,2022-11-19,Pending,454
130,203,2023-06-11,Pending,213
131,260,2022-10-19,Cancelled,1006
132,139,2023-03-11,Delivered,1416
133,187,2023-04-10,Pending,1028
134,282,2023-05-17,Cancelled,252
135,221,2023-07-31,Cancelled,147
136,33,2022-10-18,Pending,726
137,219,2023-03-31,Pending,1120
138,282,2022-11-23,Pending,622
139,271,2023-04-22,Pending,1280
140,292,2023-09-22,Delivered,307
141,141,2023-09-13,Cancelled,63
142,71,2022-12-21,Pending,1117
143,263,2023-02-19,Cancelled,310
144,189,2023-06-14,Cancelled,1554
145,236,2023-03-01,Pending,703
146,299,2023-03-27,Pending,404
147,173,2023-01-11,Cancelled,1555
148,135,2023-01-04,Delivered,1255
149,222,2023-05-11,Pending,1461
150,50,2022-11-02,Cancelled,1499
151,145,2023-02-20,Pending,1556
152,45,2023-09-21,Pending,1557
153,297,2023-05-07,Delivered,1558
154,1,2023-08-26,Delivered,471
155,18,2022-12-13,Pending,33
156,164,2023-01-16,Cancelled,1038
157,208,2023-04-04,Pending,1421
158,229,2023-09-07,Cancelled,1559
159,188,2022-12-22,Delivered,967
160,289,2022-11-05,Delivered,1560
161,252,2023-02-21,Delivered,1232
162,283,2023-09-03,Delivered,1330
163,66,2023-09-26,Delivered,1561
164,175,2023-10-03,Pending,299
165,45,2023-04-05,Delivered,1562
166,211,2022-12-05,Delivered,540
167,73,2023-03-19,Pending,1563
168,78,2023-07-06,Pending,1564
169,78,2023-03-26,Pending,1565
170,199,2023-01-28,Pending,1326
171,268,2022-12-19,Pending,1527
172,308,2023-02-16,Pending,436
173,127,2023-03-28,Cancelled,508
174,234,2023-03-29,Cancelled,405
175,184,2023-01-12,Cancelled,51
176,74,2023-01-07,Delivered,1127
177,188,2022-12-10,Delivered,1566
178,205,2022-11-02,Pending,1455
179,239,2023-09-03,Pending,1963
180,277,2023-05-08,Pending,1567
181,115,2023-08-19,Pending,477
182,188,2023-04-04,Pending,1568
183,39,2023-05-23,Pending,841
184,37,2022-12-27,Pending,987
185,169,2023-09-28,Delivered,1964
186,57,2023-07-25,Delivered,592
187,213,2023-10-13,Pending,1569
188,135,2023-01-30,Pending,472
189,249,2023-05-06,Cancelled,1570
190,112,2022-12-30,Pending,1436
191,229,2023-07-22,Pending,1249
192,206,2022-12-17,Pending,1422
193,37,2023-03-12,Delivered,559
194,304,2023-03-09,Pending,1571
195,291,2023-10-15,Delivered,538
196,229,2023-07-16,Pending,1354
197,30,2023-01-21,Cancelled,344
198,283,2023-02-16,Pending,459
199,160,2023-05-06,Cancelled,1190
200,169,2023-05-15,Pending,1156
201,42,2023-06-23,Cancelled,763
202,277,2022-12-24,Cancelled,1419
203,269,2023-08-25,Pending,150
204,203,2023-02-14,Pending,1572
205,263,2023-04-18,Delivered,1518
206,54,2023-04-17,Delivered,1573
207,11,2023-08-26,Delivered,190
208,131,2023-05-08,Delivered,208
209,103,2023-06-18,Pending,1574
210,148,2022-12-04,Pending,1575
211,142,2023-06-22,Cancelled,633
212,3,2023-08-09,Cancelled,1576
213,180,2023-09-10,Cancelled,125
214,197,2023-09-23,Pending,192
215,157,2023-02-15,Delivered,1282
216,154,2023-09-09,Delivered,669
217,275,2023-05-29,Delivered,1577
218,98,2023-10-09,Cancelled,579
219,1,2023-03-16,Pending,113
220,292,2023-04-11,Delivered,58
221,77,2023-06-10,Pending,374
222,209,2022-12-28,Pending,644
223,287,2023-03-03,Cancelled,1144
224,43,2023-07-16,Cancelled,1252
225,139,2022-12-31,Cancelled,1578
226,82,2023-09-22,Pending,1212
227,220,2023-04-16,Cancelled,1579
228,115,2023-08-03,Pending,1522
229,73,2023-05-09,Pending,1189
230,131,2023-02-04,Delivered,717
231,304,2023-01-31,Cancelled,1462
232,200,2023-07-07,Cancelled,28
233,85,2023-06-26,Delivered,82
234,69,2022-11-24,Pending,898
235,37,2023-02-17,Pending,558
236,92,2023-01-16,Pending,1580
237,215,2023-06-22,Delivered,1581
238,126,2023-02-08,Pending,1445
239,2,2022-12-26,Cancelled,537
240,245,2023-06-04,Cancelled,812
241,46,2023-09-17,Pending,1582
242,191,2023-06-02,Cancelled,380
243,85,2023-03-14,Cancelled,1583
244,6,2023-09-05,Pending,1192
245,134,2023-10-11,Pending,1316
246,5,2023-03-09,Cancelled,1321
247,163,2022-10-30,Delivered,1328
248,26,2022-11-28,Cancelled,769
249,257,2022-11-06,Pending,629
250,41,2023-06-19,Pending,1584
251,10,2023-10-10,Cancelled,68
252,125,2023-06-07,Pending,60
253,95,2023-04-08,Delivered,1585
254,210,2023-03-11,Delivered,675
255,123,2022-11-12,Pending,1432
256,261,2023-04-12,Pending,332
257,112,2023-05-30,Delivered,1965
258,300,2023-06-12,Pending,226
259,48,2023-03-06,Delivered,1586
260,218,2023-04-05,Cancelled,705
261,227,2023-09-12,Delivered,247
262,66,2023-04-04,Pending,120
263,279,2023-02-06,Cancelled,258
264,26,2022-12-21,Pending,1487
265,110,2023-08-27,Delivered,1587
266,262,2023-01-02,Cancelled,789
267,110,2023-05-05,Pending,1588
268,254,2022-11-11,Delivered,1348
269,303,2023-04-15,Pending,1589
270,33,2023-04-18,Delivered,1297
271,77,2023-03-03,Pending,1966
272,36,2023-04-30,Delivered,1590
273,237,2022-11-17,Cancelled,685
274,202,2023-02-10,Delivered,265
275,211,2023-01-17,Pending,949
276,79,2023-01-17,Pending,776
277,250,2023-01-25,Cancelled,1103
278,82,2023-01-01,Delivered,1392
279,219,2023-02-19,Pending,1374
280,284,2023-05-20,Pending,1040
281,2,2023-05-29,Delivered,313
282,219,2022-10-26,Pending,646
283,23,2023-09-28,Cancelled,403
284,254,2023-04-11,Pending,341
285,239,2023-05-08,Cancelled,1591
286,112,2023-08-26,Delivered,821
287,299,2023-10-03,Pending,295
288,200,2022-12-23,Delivered,379
289,257,2023-05-11,Pending,732
290,167,2022-11-09,Pending,39
291,61,2023-01-01,Pending,1315
292,114,2023-08-05,Delivered,847
293,38,2023-07-14,Cancelled,97
294,229,2023-05-17,Delivered,974
295,240,2023-07-25,Delivered,1592
296,183,2023-09-21,Pending,155
297,271,2023-02-27,Pending,417
298,112,2023-08-05,Delivered,412
299,267,2023-06-22,Cancelled,1409
300,180,2022-11-07,Cancelled,1593
301,10,2023-10-15,Cancelled,1594
302,144,2022-10-27,Pending,1595
303,77,2023-03-01,Delivered,1967
304,18,2023-08-09,Cancelled,816
305,38,2023-01-28,Delivered,400
306,214,2023-02-02,Cancelled,681
307,241,2023-07-27,Cancelled,43
308,238,2023-08-22,Cancelled,337
309,297,2023-04-16,Pending,1596
310,132,2023-04-10,Delivered,892
311,236,2023-03-29,Pending,398
312,119,2022-12-21,Cancelled,962
313,260,2023-02-15,Pending,564
314,83,2022-10-17,Delivered,34
315,115,2023-08-18,Cancelled,1194
316,74,2022-12-10,Delivered,323
317,218,2023-04-12,Cancelled,1597
318,79,2022-12-12,Pending,1598
319,243,2022-11-12,Pending,575
320,260,2023-04-06,Pending,1599
321,21,2022-10-20,Pending,55
322,138,2023-04-20,Cancelled,1600
323,67,2023-08-20,Pending,1968
324,144,2023-07-05,Cancelled,426
325,129,2023-03-16,Cancelled,1146
326,138,2022-11-05,Pending,1092
327,172,2023-07-19,Delivered,922
328,202,2023-06-23,Pending,432
329,116,2023-05-13,Delivered,420
330,297,2022-12-27,Delivered,1601
331,186,2023-02-24,Delivered,1602
332,196,2023-01-15,Cancelled,413
333,305,2023-02-20,Delivered,160
334,112,2023-03-12,Delivered,939
335,83,2023-07-16,Cancelled,1969
336,43,2023-01-06,Pending,611
337,14,2023-01-22,Cancelled,1603
338,220,2023-06-23,Pending,665
339,54,2023-04-03,Delivered,859
340,196,2023-10-13,Cancelled,1604
341,115,2023-07-01,Cancelled,526
342,92,2023-04-10,Delivered,152
343,258,2023-05-16,Pending,1970
344,225,2023-05-06,Pending,602
345,97,2023-06-30,Pending,57
346,33,2022-11-27,Cancelled,441
347,104,2023-10-16,Pending,1118
348,134,2023-02-12,Delivered,390
349,160,2022-12-05,Delivered,1502
350,242,2023-01-29,Pending,1058
351,76,2023-09-08,Pending,1493
352,182,2022-10-29,Pending,584
353,302,2023-06-12,Pending,1605
354,58,2023-03-15,Pending,251
355,202,2023-03-26,Delivered,692
356,60,2022-11-20,Cancelled,1606
357,25,2022-11-15,Delivered,1148
358,261,2023-03-05,Pending,1607
359,71,2023-09-22,Pending,1608
360,297,2022-12-26,Cancelled,1492
361,185,2023-08-12,Pending,1143
362,52,2023-05-17,Delivered,184
363,228,2022-11-04,Pending,828
364,187,2023-01-29,Delivered,1052
365,147,2023-08-05,Cancelled,336
366,186,2023-09-12,Pending,992
367,68,2022-10-28,Delivered,924
368,78,2023-05-25,Cancelled,1609
369,230,2022-11-16,Pending,1610
370,302,2023-08-12,Delivered,1263
371,188,2023-01-09,Cancelled,565
372,217,2022-12-20,Cancelled,872
373,170,2023-08-10,Pending,1130
374,270,2022-10-27,Pending,1491
375,300,2023-06-11,Cancelled,1611
376,45,2023-09-24,Pending,182
377,276,2023-04-13,Delivered,737
378,288,2023-02-20,Pending,971
379,240,2023-08-23,Delivered,852
380,29,2023-07-03,Cancelled,112
381,38,2023-10-02,Pending,1971
382,197,2023-01-18,Pending,796
383,142,2022-11-06,Cancelled,178
384,85,2023-03-20,Delivered,569
385,273,2023-06-25,Cancelled,827
386,78,2023-09-22,Delivered,617
387,169,2022-11-10,Cancelled,1016
388,102,2022-11-19,Pending,1972
389,10,2023-08-10,Pending,371
390,152,2023-06-05,Pending,758
391,103,2023-04-02,Delivered,1612
392,18,2022-10-31,Cancelled,1613
393,142,2023-07-22,Pending,1337
394,258,2023-04-13,Cancelled,1457
395,44,2023-06-02,Cancelled,1442
396,224,2023-03-17,Pending,1433
397,121,2023-07-03,Cancelled,1614
398,14,2023-03-09,Pending,1615
399,297,2023-04-17,Delivered,1616
400,127,2023-06-06,Cancelled,1264
401,135,2022-10-28,Pending,1617
402,42,2023-05-23,Pending,803
403,143,2023-04-01,Cancelled,451
404,184,2023-04-01,Cancelled,742
405,164,2023-07-04,Pending,1618
406,136,2023-02-14,Delivered,1196
407,37,2022-11-06,Pending,468
408,51,2023-01-01,Pending,1304
409,275,2022-12-09,Delivered,221
410,221,2023-08-22,Delivered,13
411,99,2022-11-30,Delivered,1331
412,41,2022-11-22,Cancelled,1619
413,120,2023-01-21,Delivered,431
414,247,2022-12-28,Pending,1066
415,300,2023-04-20,Delivered,1476
416,293,2022-11-10,Pending,1620
417,185,2023-02-25,Pending,1621
418,262,2023-01-19,Pending,621
419,269,2023-03-30,Cancelled,593
420,302,2023-03-02,Pending,395
421,302,2022-10-21,Pending,1209
422,238,2022-10-20,Cancelled,1973
423,197,2023-07-20,Pending,1415
424,182,2022-11-04,Pending,788
425,163,2022-11-28,Cancelled,1622
426,216,2023-01-16,Pending,31
427,57,2023-01-22,Cancelled,375
428,98,2023-02-06,Cancelled,805
430,296,2022-11-24,Delivered,1623
431,4,2023-06-13,Cancelled,89
432,264,2023-07-02,Delivered,1624
433,216,2023-09-15,Pending,1625
434,219,2023-09-25,Delivered,727
435,288,2022-11-06,Pending,1241
436,82,2023-03-31,Cancelled,1626
437,104,2023-08-11,Pending,1064
438,248,2023-03-27,Cancelled,1627
439,247,2022-11-29,Pending,1057
440,11,2023-03-18,Pending,804
441,12,2023-06-03,Pending,1628
442,147,2023-02-01,Delivered,399
443,278,2023-02-17,Cancelled,1041
444,203,2022-11-26,Delivered,1289
445,198,2023-04-05,Cancelled,129
446,1,2023-04-16,Delivered,1219
447,133,2023-09-26,Delivered,1021
448,85,2023-08-23,Cancelled,1629
449,112,2023-08-26,Pending,1387
450,210,2023-05-06,Pending,511
451,143,2023-04-08,Delivered,440
452,267,2023-01-26,Delivered,1630
453,305,2023-08-06,Delivered,416
454,125,2022-11-22,Cancelled,1261
455,169,2022-12-02,Pending,975
456,171,2023-04-13,Delivered,754
457,175,2023-02-01,Delivered,1258
458,43,2023-02-03,Delivered,1631
459,142,2023-06-08,Pending,1632
460,162,2023-06-18,Cancelled,304
461,273,2022-11-26,Pending,1633
462,4,2022-12-15,Pending,239
463,77,2022-11-26,Pending,568
464,4,2023-04-27,Delivered,1015
465,19,2023-03-10,Cancelled,525
466,95,2023-04-02,Delivered,1634
467,182,2023-03-26,Delivered,158
468,128,2023-04-29,Delivered,1635
469,226,2023-03-11,Delivered,774
470,295,2023-02-10,Cancelled,1636
472,220,2023-07-07,Cancelled,979
473,223,2022-11-08,Cancelled,1637
474,84,2023-05-03,Pending,1638
475,214,2023-08-25,Pending,1639
476,208,2023-08-07,Cancelled,911
477,237,2023-04-16,Pending,115
478,133,2023-08-04,Cancelled,350
479,18,2023-02-24,Pending,594
480,288,2023-07-17,Delivered,1384
481,113,2023-04-27,Pending,1640
482,181,2022-12-26,Delivered,1641
483,204,2022-10-20,Pending,878
484,293,2023-04-28,Delivered,549
485,40,2023-08-24,Pending,1411
486,102,2022-10-26,Cancelled,1312
487,282,2023-03-25,Pending,132
488,235,2023-06-23,Pending,926
489,214,2023-04-15,Delivered,1642
490,85,2023-03-22,Delivered,1427
491,246,2023-04-11,Delivered,965
492,271,2023-10-02,Delivered,381
493,203,2023-01-02,Pending,318
494,12,2022-10-26,Cancelled,1643
495,171,2023-06-06,Delivered,38
496,8,2023-10-16,Delivered,165
497,210,2023-04-13,Delivered,1045
498,50,2023-08-03,Cancelled,478
499,1,2023-01-18,Pending,456
500,242,2023-04-04,Pending,1644
501,273,2023-02-20,Cancelled,1086
502,209,2023-06-21,Pending,1056
503,289,2023-05-31,Delivered,128
504,126,2022-12-19,Cancelled,854
505,14,2022-12-14,Cancelled,136
506,302,2022-11-09,Delivered,986
507,227,2023-09-01,Pending,1078
508,36,2023-01-28,Pending,1645
509,136,2023-05-11,Pending,519
510,136,2023-09-21,Cancelled,362
511,142,2023-05-26,Delivered,1059
512,284,2023-05-29,Pending,529
513,107,2023-09-08,Pending,495
514,269,2023-01-11,Pending,1646
515,152,2023-07-22,Cancelled,1238
516,85,2022-12-06,Cancelled,353
517,299,2022-11-27,Delivered,910
518,231,2023-07-25,Pending,79
519,66,2023-03-18,Pending,26
520,232,2023-01-01,Delivered,1303
521,81,2022-12-11,Pending,1647
522,248,2023-03-30,Pending,1648
523,30,2023-09-09,Pending,86
524,124,2023-04-23,Delivered,1446
525,187,2023-03-08,Pending,555
526,5,2023-07-02,Pending,1649
527,10,2023-03-24,Delivered,1233
528,29,2023-03-17,Cancelled,570
529,250,2023-05-08,Pending,50
530,66,2023-07-29,Cancelled,1177
531,67,2023-07-16,Delivered,744
532,282,2023-04-04,Pending,222
533,239,2022-12-16,Pending,1464
534,76,2023-06-22,Pending,894
535,44,2022-12-23,Pending,1090
536,246,2022-12-15,Pending,1507
537,57,2023-07-12,Delivered,15
538,223,2023-08-31,Delivered,695
539,68,2023-01-30,Pending,534
540,243,2022-11-04,Pending,562
541,49,2023-09-13,Delivered,1650
542,3,2023-07-24,Pending,635
543,202,2023-08-25,Pending,1243
544,290,2022-10-17,Cancelled,1417
545,119,2023-05-02,Pending,196
546,159,2023-01-28,Delivered,1651
547,43,2022-12-28,Cancelled,590
548,185,2022-11-21,Cancelled,1652
549,213,2023-09-23,Delivered,938
550,163,2023-04-29,Pending,1653
551,32,2023-08-11,Pending,99
552,266,2023-04-22,Delivered,1142
553,83,2023-05-13,Pending,443
554,258,2022-11-03,Pending,1511
555,276,2022-11-09,Cancelled,1122
556,274,2023-03-18,Pending,1169
557,176,2022-11-18,Cancelled,1237
558,301,2022-11-03,Delivered,1654
559,30,2023-07-01,Cancelled,1655
560,103,2022-11-05,Cancelled,842
561,280,2022-12-11,Delivered,1974
562,4,2023-07-07,Delivered,1478
563,54,2023-09-18,Pending,1248
564,19,2023-06-02,Cancelled,513
565,289,2022-11-14,Pending,330
566,235,2023-10-02,Cancelled,1166
567,186,2023-08-26,Cancelled,100
568,203,2023-01-03,Cancelled,138
569,102,2022-11-05,Delivered,236
570,215,2023-09-09,Delivered,1975
571,297,2023-10-11,Cancelled,1205
572,46,2023-07-08,Pending,733
573,57,2023-07-21,Pending,427
574,295,2023-09-06,Cancelled,1656
575,129,2023-05-11,Delivered,1161
576,245,2023-08-08,Delivered,1482
577,190,2023-02-20,Pending,1200
578,307,2023-01-13,Pending,1295
579,220,2022-12-13,Delivered,474
580,213,2023-09-12,Cancelled,1657
581,237,2023-04-03,Delivered,918
582,280,2023-09-25,Cancelled,181
583,226,2023-04-13,Pending,1658
584,81,2023-10-04,Delivered,1976
585,34,2022-12-09,Delivered,1659
586,17,2023-08-29,Pending,625
587,138,2022-11-15,Pending,255
588,196,2022-11-14,Cancelled,900
589,235,2023-04-03,Pending,1660
590,133,2022-11-07,Delivered,762
591,213,2023-02-01,Delivered,185
592,305,2022-11-23,Cancelled,194
593,25,2023-07-28,Cancelled,1104
594,123,2023-04-18,Pending,493
595,54,2023-10-07,Pending,151
596,11,2023-02-03,Delivered,624
597,234,2023-03-16,Pending,1050
598,298,2023-07-02,Pending,461
599,33,2023-10-05,Cancelled,931
600,241,2023-02-28,Delivered,1661
601,244,2023-06-13,Pending,1240
602,197,2023-09-12,Cancelled,1662
603,5,2022-11-12,Cancelled,76
604,107,2023-09-18,Delivered,1381
605,302,2023-09-16,Delivered,1663
606,18,2023-07-25,Pending,479
607,263,2023-08-21,Pending,303
608,183,2023-04-08,Delivered,1096
609,274,2023-10-15,Delivered,1664
610,89,2022-11-11,Delivered,110
611,141,2022-12-05,Pending,1665
612,17,2023-03-15,Pending,1977
613,132,2023-05-02,Delivered,778
614,199,2022-10-23,Pending,1666
615,186,2022-11-28,Cancelled,486
616,204,2023-06-11,Pending,1115
617,142,2023-06-29,Pending,1009
618,145,2023-07-27,Cancelled,370
619,215,2023-09-25,Pending,1000
620,234,2022-12-18,Delivered,1254
621,139,2022-11-28,Cancelled,1667
622,93,2023-09-27,Pending,1668
623,276,2023-07-10,Delivered,1669
624,88,2023-07-13,Pending,881
625,244,2023-05-09,Pending,1670
626,299,2023-06-14,Delivered,1671
627,157,2023-09-29,Cancelled,785
628,179,2023-03-12,Cancelled,1394
629,131,2023-03-18,Cancelled,750
630,211,2023-10-16,Pending,1307
631,199,2023-08-05,Delivered,1180
632,304,2022-11-13,Delivered,883
633,92,2022-12-18,Pending,563
634,68,2022-11-28,Cancelled,335
635,292,2023-09-21,Delivered,1672
636,152,2022-12-26,Delivered,1673
637,233,2022-11-03,Pending,312
638,211,2023-03-12,Cancelled,438
639,184,2022-12-05,Pending,1674
640,211,2023-10-15,Delivered,1675
641,289,2022-10-22,Cancelled,871
642,76,2023-05-27,Cancelled,1089
643,256,2023-06-04,Delivered,231
644,272,2023-01-28,Pending,1368
645,43,2023-09-01,Delivered,766
646,74,2023-08-27,Cancelled,1259
647,127,2023-06-12,Cancelled,1676
648,45,2022-10-26,Pending,162
649,161,2023-03-03,Delivered,339
650,228,2023-09-11,Cancelled,1677
651,42,2022-12-21,Pending,1678
652,50,2023-05-10,Cancelled,1679
653,178,2023-05-01,Pending,1352
654,180,2023-08-23,Pending,1182
655,281,2023-04-06,Delivered,961
656,285,2023-08-13,Delivered,1680
657,177,2023-05-30,Pending,512
658,38,2023-09-24,Pending,1345
659,50,2022-10-21,Pending,414
660,129,2022-12-23,Delivered,1681
661,264,2023-05-04,Cancelled,1485
662,177,2023-02-15,Delivered,566
663,51,2022-11-25,Cancelled,1215
664,159,2023-03-15,Pending,1351
665,247,2023-10-12,Cancelled,1047
666,88,2022-12-04,Cancelled,1496
667,91,2023-03-30,Pending,1386
668,280,2022-11-23,Delivered,137
669,210,2023-06-21,Pending,554
670,113,2023-08-11,Delivered,1356
671,222,2023-06-22,Pending,1978
672,183,2023-08-21,Pending,1682
673,309,2023-02-11,Cancelled,220
674,56,2023-02-13,Pending,1340
675,267,2023-03-28,Cancelled,340
676,167,2023-07-27,Delivered,49
677,265,2023-01-01,Cancelled,44
678,18,2023-06-19,Cancelled,1683
679,57,2023-06-18,Cancelled,1199
680,77,2022-10-31,Delivered,1684
681,97,2023-01-14,Cancelled,799
682,21,2023-10-02,Delivered,1378
683,52,2023-03-24,Delivered,1310
684,196,2023-07-05,Delivered,464
685,10,2023-07-21,Cancelled,1435
686,112,2023-03-14,Pending,116
687,13,2023-08-01,Pending,1508
688,61,2022-11-21,Cancelled,771
689,194,2023-09-04,Pending,1051
690,69,2023-02-02,Pending,1025
691,274,2023-05-27,Pending,532
692,109,2023-05-13,Pending,928
693,25,2023-04-06,Cancelled,1685
694,309,2023-04-11,Delivered,1686
695,197,2023-06-02,Delivered,860
696,225,2023-08-13,Delivered,953
697,117,2023-10-03,Delivered,1109
698,134,2023-09-06,Cancelled,1439
699,97,2023-07-10,Pending,402
700,195,2023-01-05,Pending,48
701,88,2023-04-03,Pending,309
702,47,2022-11-04,Cancelled,920
703,265,2022-11-17,Delivered,1979
704,149,2023-10-04,Cancelled,684
705,45,2022-12-17,Pending,467
706,138,2023-02-08,Pending,520
707,25,2023-07-11,Delivered,280
708,188,2023-01-09,Cancelled,1687
709,234,2023-09-05,Delivered,1265
710,129,2023-06-17,Pending,1688
711,102,2023-02-15,Delivered,1689
712,270,2022-11-16,Cancelled,1347
713,94,2023-06-28,Pending,327
714,271,2023-05-11,Delivered,483
715,141,2023-07-03,Pending,466
716,72,2022-12-28,Cancelled,133
717,120,2022-10-31,Pending,1690
718,23,2023-09-28,Pending,875
719,212,2023-04-11,Pending,1246
720,57,2023-07-23,Cancelled,1311
721,5,2022-11-28,Pending,619
722,117,2023-07-27,Pending,1691
723,284,2023-05-18,Cancelled,1413
724,7,2023-08-09,Delivered,1692
725,136,2023-09-15,Cancelled,161
726,53,2023-08-25,Delivered,1140
727,289,2023-02-01,Delivered,359
728,255,2023-07-02,Delivered,1114
729,59,2023-01-26,Pending,35
730,133,2023-04-13,Cancelled,1269
731,32,2023-10-02,Delivered,1693
732,184,2022-11-29,Pending,1490
733,225,2023-01-28,Cancelled,1042
734,132,2023-07-15,Delivered,853
735,198,2022-11-14,Pending,179
736,163,2023-02-11,Cancelled,1694
737,160,2023-05-26,Cancelled,999
738,287,2023-04-14,Delivered,1278
739,135,2023-07-08,Pending,729
740,243,2023-07-23,Delivered,888
741,306,2023-06-25,Pending,652
742,224,2023-06-27,Delivered,424
743,177,2023-06-22,Delivered,111
744,89,2023-05-29,Pending,1695
745,13,2023-06-08,Delivered,62
746,189,2023-08-26,Pending,712
747,195,2023-07-01,Pending,1024
748,75,2023-03-11,Cancelled,273
749,201,2023-04-19,Delivered,957
750,304,2023-09-27,Pending,491
751,289,2023-03-15,Delivered,1980
752,267,2023-03-04,Cancelled,489
753,104,2022-10-31,Delivered,1032
754,49,2022-11-06,Cancelled,163
755,197,2023-01-30,Cancelled,930
756,193,2023-09-05,Cancelled,1135
757,122,2023-07-03,Pending,1292
758,250,2023-06-15,Delivered,907
759,245,2023-10-11,Pending,720
760,132,2022-12-17,Pending,773
761,113,2022-12-01,Cancelled,1981
762,33,2023-01-10,Delivered,1696
763,273,2022-12-20,Delivered,1697
764,157,2023-06-25,Pending,1698
765,300,2023-09-12,Pending,786
766,68,2023-10-09,Cancelled,1367
767,19,2023-09-11,Pending,148
768,264,2023-06-13,Delivered,176
769,58,2023-07-16,Pending,978
770,140,2023-07-23,Pending,1093
771,102,2023-06-14,Delivered,308
772,223,2022-11-24,Pending,106
773,35,2022-10-31,Pending,228
774,30,2022-11-20,Cancelled,1230
775,161,2023-04-28,Pending,232
776,119,2023-02-26,Pending,256
777,198,2023-07-15,Delivered,25
778,175,2023-04-22,Pending,1982
779,127,2022-12-16,Delivered,1046
780,54,2023-04-19,Delivered,166
781,201,2023-03-06,Pending,527
782,219,2023-02-12,Delivered,186
783,210,2023-01-30,Cancelled,935
784,203,2023-05-15,Pending,1379
785,57,2023-09-06,Pending,210
786,198,2023-06-27,Pending,1085
787,225,2023-01-11,Pending,1699
788,272,2022-11-02,Pending,752
789,89,2023-10-06,Pending,1083
790,57,2023-09-08,Delivered,250
791,36,2023-07-12,Delivered,41
792,178,2023-05-06,Delivered,927
793,11,2023-02-17,Cancelled,450
794,31,2023-10-14,Pending,1060
795,240,2023-10-09,Pending,1700
796,205,2023-04-27,Pending,1701
797,260,2022-11-25,Pending,36
798,107,2022-11-11,Pending,1145
799,227,2023-06-28,Delivered,311
800,223,2023-03-02,Delivered,1702
801,63,2022-12-03,Cancelled,634
802,258,2023-02-13,Delivered,1526
803,1,2023-06-16,Cancelled,1703
804,279,2022-11-09,Pending,1168
805,140,2023-09-18,Delivered,1375
806,270,2023-08-01,Pending,735
807,250,2023-01-07,Delivered,1005
808,191,2023-08-21,Pending,1262
809,207,2022-10-17,Cancelled,1704
810,300,2022-11-24,Cancelled,1705
811,80,2023-01-11,Cancelled,272
812,245,2023-07-18,Cancelled,1706
813,181,2023-01-23,Cancelled,1707
814,121,2023-06-27,Pending,601
815,239,2023-05-30,Delivered,1708
816,274,2023-04-17,Pending,1271
817,250,2022-11-10,Delivered,1426
818,223,2023-06-23,Pending,1088
819,251,2023-04-14,Delivered,607
820,159,2023-09-10,Pending,105
821,30,2023-09-22,Delivered,320
822,197,2023-09-15,Cancelled,983
823,123,2022-11-19,Delivered,1465
824,71,2023-05-25,Delivered,1520
825,122,2023-10-11,Delivered,1709
826,4,2023-03-08,Cancelled,1319
827,93,2022-11-01,Pending,1710
828,215,2022-12-17,Cancelled,836
829,292,2023-08-26,Pending,1523
830,213,2023-09-02,Cancelled,164
831,127,2023-08-30,Pending,909
832,218,2023-08-24,Delivered,1069
833,91,2023-08-05,Delivered,1029
834,132,2023-10-07,Pending,580
835,37,2023-02-11,Cancelled,1399
836,282,2023-03-08,Pending,1983
837,10,2023-01-12,Pending,1366
838,3,2023-08-17,Pending,1423
840,76,2023-05-23,Delivered,1107
841,64,2023-03-10,Delivered,202
842,19,2023-06-05,Delivered,1171
843,22,2022-10-31,Pending,167
844,185,2022-11-15,Delivered,637
845,209,2022-11-16,Cancelled,1308
846,146,2023-01-22,Delivered,791
847,276,2023-06-16,Delivered,943
848,306,2023-07-21,Delivered,1711
849,294,2022-12-09,Pending,510
850,13,2023-06-04,Delivered,897
851,144,2023-04-03,Delivered,1198
852,255,2023-08-10,Delivered,912
853,288,2022-10-17,Pending,1712
854,128,2023-08-09,Cancelled,794
855,220,2023-05-18,Pending,435
856,256,2023-05-25,Delivered,698
857,53,2023-02-04,Pending,101
858,212,2022-11-12,Cancelled,1713
859,4,2022-11-06,Pending,1203
860,41,2023-02-01,Delivered,1324
861,297,2023-09-18,Pending,862
862,38,2023-10-14,Delivered,286
863,33,2023-04-04,Delivered,988
864,223,2023-06-22,Delivered,485
865,162,2023-07-12,Cancelled,679
866,131,2023-08-13,Cancelled,45
867,163,2023-09-20,Delivered,135
868,14,2022-12-08,Pending,1506
869,43,2023-10-03,Pending,275
870,282,2023-06-15,Delivered,608
871,182,2023-08-26,Cancelled,1323
872,6,2023-04-26,Pending,218
873,43,2023-09-15,Pending,1714
874,282,2022-11-09,Cancelled,52
875,289,2023-05-04,Pending,1084
876,119,2023-03-30,Cancelled,1984
877,181,2023-05-14,Cancelled,1985
878,201,2023-02-10,Cancelled,734
879,132,2022-10-26,Pending,807
880,110,2023-09-01,Pending,56
881,269,2023-02-24,Pending,1715
882,157,2023-07-17,Cancelled,1072
883,10,2023-03-11,Delivered,775
884,104,2023-05-20,Pending,437
885,106,2023-04-15,Pending,396
886,96,2022-11-24,Pending,1716
887,145,2023-06-07,Delivered,288
888,17,2023-06-26,Delivered,1298
889,43,2022-11-15,Cancelled,1065
890,193,2023-10-03,Delivered,1358
891,56,2022-11-04,Delivered,1475
892,127,2023-09-28,Pending,1717
893,209,2023-08-10,Delivered,1986
894,3,2023-05-08,Cancelled,126
895,213,2023-05-03,Cancelled,1434
896,167,2023-02-25,Delivered,1718
897,281,2022-10-23,Cancelled,1279
898,207,2022-10-26,Cancelled,500
899,241,2023-08-05,Pending,1719
900,53,2022-12-14,Delivered,576
901,253,2022-11-25,Cancelled,1720
902,214,2023-09-12,Delivered,397
903,108,2022-11-09,Pending,1472
904,172,2022-10-22,Pending,71
905,103,2022-12-13,Pending,1193
906,53,2022-11-29,Pending,1721
907,125,2023-06-15,Delivered,991
908,87,2023-07-28,Pending,673
909,41,2023-06-26,Delivered,1722
910,156,2023-02-25,Pending,1283
911,6,2023-02-28,Cancelled,487
912,52,2023-05-21,Pending,723
913,91,2022-12-03,Delivered,408
914,47,2023-05-01,Pending,896
915,182,2023-06-25,Pending,702
916,272,2023-06-27,Delivered,1519
917,304,2022-11-02,Pending,1218
918,196,2023-07-11,Delivered,1723
919,299,2023-05-25,Delivered,1397
920,81,2023-08-18,Delivered,1724
921,40,2023-06-14,Cancelled,1725
922,132,2023-04-25,Cancelled,1202
923,264,2023-09-08,Pending,1726
924,144,2023-09-19,Cancelled,1727
925,202,2023-02-21,Pending,1987
926,216,2023-07-23,Cancelled,1301
927,18,2023-08-11,Cancelled,1407
928,9,2022-10-18,Pending,958
929,176,2023-05-07,Delivered,701
930,307,2023-07-01,Pending,492
931,269,2023-07-14,Pending,1728
932,148,2023-02-15,Delivered,409
933,137,2023-04-11,Pending,506
934,46,2023-03-02,Delivered,547
935,261,2023-03-04,Pending,1729
936,176,2022-12-20,Pending,832
937,18,2023-07-16,Cancelled,1730
938,70,2023-08-21,Cancelled,1039
939,94,2023-10-13,Delivered,1309
940,155,2023-07-18,Cancelled,989
941,75,2022-12-01,Delivered,1731
942,284,2023-07-25,Cancelled,102
943,40,2023-03-04,Delivered,781
944,224,2023-02-08,Delivered,1206
945,55,2023-05-11,Pending,942
946,298,2022-12-15,Pending,1477
947,219,2022-11-04,Pending,241
948,210,2023-07-26,Pending,1732
949,122,2023-09-24,Pending,686
950,286,2023-05-27,Cancelled,533
951,57,2023-05-21,Delivered,1733
952,300,2023-06-24,Pending,1734
953,78,2023-08-27,Delivered,1201
954,132,2023-07-07,Cancelled,1003
955,167,2023-08-27,Pending,401
956,298,2023-06-13,Delivered,1402
957,165,2023-10-09,Delivered,1437
958,33,2022-12-01,Pending,1735
959,189,2023-02-28,Delivered,1034
960,291,2023-03-16,Cancelled,996
961,42,2023-02-02,Cancelled,1736
962,242,2023-09-28,Cancelled,837
963,151,2022-12-19,Pending,743
964,9,2022-10-17,Pending,83
965,75,2022-10-28,Delivered,937
966,109,2023-01-09,Cancelled,1988
967,167,2023-09-25,Cancelled,1080
968,69,2023-08-30,Delivered,1008
969,259,2023-09-18,Cancelled,1231
970,250,2023-02-22,Pending,1033
971,234,2023-01-10,Delivered,604
972,44,2023-07-20,Delivered,929
973,55,2022-11-28,Delivered,262
974,218,2023-09-06,Pending,434
975,300,2023-08-04,Delivered,1444
976,1,2023-08-21,Pending,830
977,147,2023-01-03,Pending,795
978,42,2023-05-26,Delivered,1224
979,60,2022-11-22,Pending,1737
980,209,2023-06-10,Cancelled,1513
981,201,2023-03-25,Pending,1738
982,58,2023-07-01,Cancelled,578
983,56,2023-07-22,Delivered,666
984,274,2023-06-13,Delivered,903
985,31,2023-10-09,Pending,322
986,37,2023-06-18,Pending,1739
987,284,2022-12-28,Cancelled,1451
988,307,2023-03-11,Pending,168
989,51,2023-07-26,Cancelled,24
990,222,2023-02-28,Pending,204
991,63,2023-10-13,Delivered,1740
992,146,2023-07-30,Pending,990
993,240,2022-11-25,Pending,1741
994,105,2022-12-28,Cancelled,1186
995,121,2022-11-01,Pending,917
996,106,2023-04-11,Pending,1742
997,31,2023-08-21,Delivered,1743
998,173,2023-09-23,Pending,1398
999,146,2023-08-24,Pending,1744
1000,180,2022-12-26,Delivered,1745
1001,112,2023-10-01,Pending,947
1002,222,2023-01-18,Delivered,1746
1003,74,2021-08-08,Pending,1747
1004,220,2022-11-14,Pending,1748
1005,74,2022-03-28,Pending,1007
1006,49,2022-08-07,Pending,1749
1007,14,2023-04-25,Cancelled,1989
1008,116,2022-03-29,Delivered,386
1009,79,2022-08-19,Pending,1020
1010,250,2023-06-04,Delivered,447
1011,190,2022-01-28,Cancelled,219
1012,58,2021-09-29,Cancelled,964
1013,60,2022-06-06,Delivered,1119
1014,279,2022-05-22,Pending,851
1015,161,2022-06-24,Pending,229
1016,252,2022-10-24,Cancelled,1750
1017,49,2023-03-17,Delivered,1751
1018,223,2023-05-17,Delivered,140
1019,296,2021-12-04,Delivered,905
1020,248,2023-06-14,Delivered,1376
1021,196,2022-06-11,Delivered,618
1022,181,2023-06-07,Cancelled,1752
1023,140,2022-01-11,Pending,760
1024,253,2022-11-04,Pending,808
1025,205,2022-03-02,Delivered,1990
1026,276,2022-07-27,Cancelled,777
1027,275,2021-08-19,Delivered,212
1028,170,2021-09-25,Pending,678
1029,37,2023-02-18,Pending,1753
1030,19,2023-05-09,Delivered,1991
1031,275,2023-04-04,Pending,824
1032,125,2022-09-16,Cancelled,589
1033,124,2022-04-19,Pending,285
1034,306,2022-01-05,Pending,944
1035,223,2021-12-21,Pending,793
1036,163,2021-08-29,Pending,1043
1037,85,2022-07-04,Cancelled,238
1038,9,2023-07-24,Delivered,1113
1039,171,2023-07-13,Cancelled,1159
1040,286,2022-01-26,Cancelled,215
1041,164,2022-08-06,Delivered,536
1043,81,2022-05-16,Pending,351
1044,58,2021-09-20,Delivered,144
1045,82,2022-04-20,Cancelled,1754
1046,222,2023-09-09,Delivered,98
1047,83,2023-02-10,Pending,418
1048,30,2023-08-05,Pending,1755
1049,134,2023-05-06,Delivered,78
1050,177,2023-04-12,Delivered,18
1051,217,2022-06-03,Cancelled,1106
1052,55,2023-06-02,Delivered,94
1053,68,2022-09-22,Delivered,546
1054,114,2022-01-21,Delivered,385
1055,169,2022-03-22,Pending,600
1056,73,2022-09-23,Pending,1288
1057,291,2021-10-30,Pending,270
1058,265,2022-08-07,Cancelled,23
1059,76,2023-06-30,Cancelled,1756
1060,253,2021-08-08,Pending,1757
1061,295,2023-02-09,Cancelled,462
1062,111,2023-06-20,Delivered,1758
1063,308,2023-08-24,Pending,1454
1064,271,2022-08-27,Cancelled,269
1065,228,2022-05-14,Delivered,237
1066,53,2022-05-25,Delivered,628
1067,236,2022-03-15,Pending,1759
1068,29,2023-08-07,Cancelled,1760
1069,34,2022-08-26,Pending,893
1070,48,2023-02-13,Delivered,1158
1071,41,2023-02-12,Pending,1761
1072,96,2021-10-06,Pending,1473
1073,262,2023-02-24,Pending,357
1074,46,2021-09-14,Cancelled,249
1075,300,2022-09-01,Cancelled,267
1076,36,2023-01-03,Delivered,553
1077,201,2022-09-19,Delivered,174
1078,16,2023-07-04,Pending,1762
1079,132,2021-09-30,Pending,268
1080,27,2022-11-17,Cancelled,1153
1081,172,2023-05-20,Delivered,19
1082,113,2023-08-22,Delivered,626
1083,235,2023-07-12,Cancelled,149
1084,81,2022-01-11,Cancelled,1763
1085,172,2022-08-19,Delivered,22
1086,67,2022-12-25,Delivered,1764
1087,154,2021-12-03,Cancelled,1073
1088,102,2023-04-27,Delivered,1765
1089,9,2021-09-24,Delivered,1766
1090,16,2022-08-19,Cancelled,870
1091,171,2022-04-24,Pending,1022
1092,84,2022-04-25,Pending,523
1093,171,2022-08-08,Pending,1767
1094,104,2023-04-13,Cancelled,641
1095,229,2022-03-28,Pending,1992
1096,59,2021-12-25,Delivered,1128
1097,54,2023-09-06,Delivered,757
1098,137,2023-01-29,Cancelled,329
1099,253,2023-09-12,Pending,1253
1100,247,2022-10-29,Delivered,647
1101,215,2023-09-13,Pending,290
1102,260,2023-10-05,Pending,1768
1103,131,2023-04-02,Cancelled,1769
1104,280,2022-01-21,Pending,677
1105,258,2023-05-06,Delivered,954
1106,40,2023-08-25,Pending,321
1107,260,2022-09-12,Pending,1993
1108,286,2022-10-31,Cancelled,1129
1109,283,2022-09-08,Delivered,1479
1110,54,2023-08-04,Delivered,838
1111,6,2023-08-15,Delivered,1302
1112,232,2022-01-09,Delivered,1244
1113,1,2023-01-21,Delivered,640
1114,153,2023-09-23,Delivered,217
1115,182,2023-02-07,Pending,973
1116,303,2023-01-11,Pending,498
1117,156,2022-07-30,Delivered,1227
1118,5,2023-09-06,Delivered,503
1119,80,2022-08-13,Cancelled,488
1120,132,2022-07-05,Pending,1211
1121,269,2022-07-13,Cancelled,1334
1122,261,2022-10-20,Delivered,1371
1123,145,2021-10-20,Pending,245
1124,63,2023-07-08,Pending,764
1125,154,2021-10-23,Cancelled,225
1126,112,2022-05-16,Delivered,1430
1127,303,2022-11-01,Pending,296
1128,77,2022-01-27,Pending,1770
1129,222,2022-03-05,Pending,966
1130,131,2023-05-21,Delivered,1408
1131,302,2022-01-17,Pending,955
1132,284,2022-08-24,Delivered,1771
1133,239,2023-08-22,Delivered,216
1134,143,2022-10-03,Cancelled,1197
1135,93,2022-05-03,Pending,1300
1136,51,2023-02-24,Pending,92
1137,295,2023-10-01,Pending,530
1138,98,2021-10-10,Delivered,802
1139,231,2021-12-26,Pending,724
1140,213,2023-01-11,Delivered,1344
1141,147,2023-06-30,Cancelled,623
1142,171,2023-01-31,Delivered,1162
1143,31,2022-01-19,Cancelled,325
1144,160,2021-09-06,Cancelled,1123
1145,291,2021-11-05,Delivered,1772
1146,159,2022-02-16,Delivered,574
1147,29,2023-07-18,Pending,1214
1148,238,2021-11-03,Cancelled,1773
1149,54,2022-01-12,Delivered,1514
1150,12,2022-12-09,Pending,1774
1151,208,2023-04-25,Delivered,1154
1152,51,2022-10-22,Pending,422
1153,29,2021-10-12,Cancelled,1185
1154,224,2022-09-08,Delivered,1440
1155,141,2023-05-04,Cancelled,364
1156,301,2022-05-21,Pending,6
1157,85,2021-10-15,Pending,1393
1158,28,2021-10-04,Delivered,1494
1159,108,2021-10-01,Pending,1994
1160,6,2023-03-13,Pending,868
1161,138,2022-04-19,Pending,139
1162,168,2022-11-17,Delivered,482
1163,75,2023-03-19,Delivered,1165
1164,220,2022-02-04,Delivered,616
1165,162,2022-12-22,Delivered,654
1166,78,2022-06-09,Delivered,747
1167,21,2023-05-08,Delivered,8
1168,16,2022-10-22,Cancelled,518
1169,55,2021-11-18,Cancelled,146
1170,146,2022-07-28,Pending,1349
1171,71,2022-04-21,Cancelled,835
1173,37,2022-10-14,Cancelled,449
1174,294,2022-10-07,Pending,1995
1175,103,2021-11-10,Pending,1775
1176,68,2023-03-08,Delivered,884
1177,212,2023-03-06,Cancelled,1443
1178,239,2022-08-28,Cancelled,103
1179,120,2022-08-17,Delivered,1002
1180,208,2021-10-09,Delivered,552
1181,175,2022-08-13,Pending,352
1182,208,2022-10-31,Delivered,783
1183,22,2021-09-01,Delivered,118
1184,304,2023-06-17,Delivered,1776
1185,234,2023-08-14,Pending,490
1186,37,2021-11-25,Pending,87
1187,77,2022-01-26,Delivered,1777
1188,151,2023-06-06,Delivered,223
1189,34,2021-12-16,Delivered,651
1190,128,2023-06-06,Pending,713
1191,280,2022-11-30,Pending,863
1192,278,2022-05-23,Delivered,1778
1193,242,2022-08-15,Delivered,1779
1194,109,2023-05-12,Cancelled,1996
1195,173,2023-02-01,Cancelled,1780
1196,232,2023-06-17,Delivered,1023
1197,179,2022-08-30,Delivered,612
1198,70,2021-09-30,Delivered,865
1199,292,2023-07-18,Pending,1268
1200,270,2023-04-13,Cancelled,739
1201,225,2023-09-05,Delivered,708
1202,254,2023-03-31,Pending,514
1204,161,2023-07-12,Delivered,1257
1205,250,2022-07-15,Delivered,697
1206,94,2023-09-14,Pending,1405
1207,260,2023-06-25,Delivered,699
1208,115,2023-06-27,Pending,1441
1209,36,2023-07-02,Pending,360
1210,203,2022-11-04,Pending,1390
1211,61,2023-07-29,Pending,1365
1212,170,2022-04-15,Cancelled,131
1213,154,2023-04-07,Pending,391
1214,117,2022-06-30,Cancelled,1004
1215,87,2023-09-19,Cancelled,282
1216,291,2023-09-24,Cancelled,260
1217,161,2022-06-04,Delivered,1373
1218,175,2023-09-22,Pending,69
1219,23,2023-02-08,Delivered,1782
1220,119,2023-07-02,Delivered,829
1221,254,2022-09-15,Delivered,663
1222,39,2021-11-09,Cancelled,581
1223,185,2022-07-15,Cancelled,85
1224,305,2023-03-31,Pending,1783
1225,99,2022-07-09,Cancelled,191
1226,77,2023-09-18,Cancelled,444
1227,223,2022-09-11,Delivered,333
1228,233,2021-09-28,Pending,1281
1229,232,2023-05-03,Pending,1997
1230,189,2021-12-08,Cancelled,1784
1231,196,2022-02-26,Cancelled,145
1232,39,2022-09-26,Delivered,1785
1233,111,2021-09-19,Delivered,544
1234,294,2021-11-21,Pending,1467
1235,132,2023-08-26,Delivered,976
1236,154,2021-12-13,Pending,874
1237,216,2023-09-22,Pending,1027
1238,173,2022-12-10,Pending,691
1239,304,2022-06-23,Pending,3
1240,147,2022-05-09,Pending,1524
1241,277,2022-06-29,Delivered,200
1242,72,2022-12-28,Delivered,1786
1243,270,2022-03-29,Pending,1787
1244,220,2023-03-11,Cancelled,410
1245,61,2021-12-30,Delivered,948
1246,273,2023-08-15,Delivered,1225
1247,50,2022-01-22,Delivered,1100
1248,132,2021-11-12,Cancelled,950
1249,126,2022-08-02,Pending,1425
1250,245,2023-05-22,Delivered,1788
1251,293,2023-07-04,Cancelled,1789
1252,197,2022-03-06,Pending,1095
1253,163,2022-01-08,Delivered,502
1254,229,2021-11-12,Pending,1094
1255,75,2022-07-16,Pending,849
1256,226,2023-10-06,Delivered,1790
1257,21,2023-01-20,Pending,1221
1258,260,2023-02-26,Delivered,1791
1259,193,2023-07-28,Cancelled,297
1260,127,2022-04-12,Delivered,694
1261,150,2022-12-19,Cancelled,1792
1262,243,2022-11-27,Pending,722
1263,44,2023-05-23,Pending,1466
1264,89,2021-12-27,Cancelled,914
1265,239,2022-05-18,Pending,1793
1266,301,2021-12-09,Cancelled,130
1267,251,2022-06-17,Pending,1110
1268,289,2023-02-01,Cancelled,753
1269,245,2023-02-14,Pending,1998
1270,106,2022-03-15,Delivered,1210
1271,257,2022-09-17,Pending,1317
1272,268,2021-10-13,Pending,515
1273,171,2021-12-21,Delivered,603
1274,67,2023-03-31,Delivered,1163
1275,135,2023-04-04,Pending,1452
1276,5,2023-05-28,Pending,899
1277,23,2022-01-19,Pending,1391
1278,69,2021-11-15,Delivered,946
1279,120,2022-06-09,Pending,1401
1280,135,2022-10-20,Cancelled,1011
1281,243,2023-07-05,Delivered,1999
1282,73,2021-10-28,Delivered,1794
1283,251,2023-04-26,Pending,476
1284,187,2021-11-16,Pending,1795
1285,17,2022-02-07,Delivered,855
1286,152,2023-10-13,Delivered,573
1287,76,2021-10-09,Delivered,141
1288,133,2022-03-10,Delivered,1343
1289,74,2022-07-18,Pending,1796
1290,89,2023-09-10,Delivered,452
1291,149,2023-06-13,Cancelled,274
1292,112,2023-02-22,Pending,1010
1293,110,2023-08-24,Cancelled,291
1294,200,2021-08-08,Cancelled,475
1295,213,2022-05-12,Pending,586
1296,257,2023-07-29,Pending,516
1297,293,2022-06-04,Pending,542
1298,52,2022-03-16,Pending,1797
1299,120,2023-03-31,Pending,2000
1300,92,2022-05-27,Pending,470
1301,112,2021-11-16,Cancelled,1333
1302,125,2023-04-17,Delivered,741
1303,107,2023-08-16,Delivered,1798
1304,181,2022-04-30,Pending,1501
1305,246,2021-08-19,Pending,37
1306,178,2022-11-17,Pending,814
1307,226,2022-08-03,Delivered,2001
1308,89,2023-07-08,Cancelled,1151
1309,187,2022-02-16,Pending,916
1310,234,2023-05-28,Delivered,209
1311,239,2022-02-20,Pending,1075
1312,90,2021-11-20,Delivered,425
1313,55,2023-05-16,Pending,648
1314,245,2022-02-27,Delivered,845
1315,140,2021-11-06,Cancelled,676
1316,50,2022-04-14,Pending,1517
1317,280,2022-04-10,Delivered,1521
1318,247,2023-05-14,Pending,1799
1319,42,2021-10-02,Delivered,1489
1320,64,2023-08-08,Delivered,1208
1321,50,2023-09-05,Cancelled,610
1322,250,2022-06-27,Delivered,620
1323,144,2022-02-25,Cancelled,2002
1324,111,2022-11-04,Cancelled,331
1325,167,2021-10-15,Pending,300
1326,250,2022-03-30,Delivered,913
1327,72,2022-12-04,Delivered,1125
1328,37,2022-04-26,Pending,1800
1329,145,2021-10-18,Pending,941
1330,193,2022-09-15,Pending,1801
1331,291,2023-05-31,Pending,1505
1332,154,2022-12-25,Delivered,1802
1333,294,2023-08-10,Delivered,714
1334,306,2022-07-07,Pending,1481
1335,229,2022-04-13,Pending,1803
1336,159,2022-07-09,Pending,317
1337,4,2021-09-09,Cancelled,188
1338,241,2022-06-29,Pending,1804
1339,279,2023-08-02,Cancelled,494
1340,152,2021-12-17,Delivered,1286
1341,67,2022-10-15,Pending,1805
1342,70,2021-08-24,Pending,1806
1343,175,2021-12-06,Cancelled,1175
1344,191,2022-10-19,Delivered,925
1345,63,2022-10-15,Delivered,1229
1346,223,2022-01-14,Pending,358
1347,109,2022-06-09,Delivered,867
1348,164,2022-02-26,Cancelled,1429
1349,115,2023-09-18,Delivered,294
1350,210,2023-04-20,Pending,1226
1351,84,2021-09-04,Pending,792
1352,246,2023-07-18,Pending,822
1353,233,2022-12-20,Delivered,326
1354,279,2021-08-15,Pending,1019
1355,298,2021-09-24,Pending,834
1356,118,2021-12-12,Delivered,826
1357,275,2023-07-30,Delivered,1807
1358,17,2021-12-19,Delivered,656
1359,307,2021-12-15,Pending,2003
1360,173,2023-05-14,Delivered,1808
1361,206,2022-05-25,Pending,276
1362,105,2022-01-08,Cancelled,761
1363,88,2022-10-25,Pending,1809
1364,259,2022-12-30,Cancelled,1037
1365,242,2021-12-16,Pending,963
1366,295,2022-08-28,Delivered,1363
1367,294,2023-07-08,Pending,936
1368,67,2022-11-06,Delivered,93
1369,87,2023-09-26,Delivered,363
1370,214,2022-01-03,Pending,1353
1371,31,2023-06-06,Pending,815
1372,37,2022-03-01,Pending,2004
1373,298,2022-09-09,Pending,1350
1374,251,2022-04-10,Cancelled,1810
1375,179,2021-11-16,Pending,1811
1376,200,2022-04-03,Delivered,1299
1377,35,2023-04-05,Delivered,1812
1378,255,2023-05-05,Pending,535
1379,222,2022-11-11,Cancelled,1813
1380,240,2022-08-29,Cancelled,1276
1381,52,2023-08-16,Cancelled,1814
1382,118,2021-11-14,Delivered,1404
1383,163,2021-12-19,Delivered,279
1384,307,2023-08-30,Cancelled,1815
1385,53,2022-02-17,Cancelled,521
1386,114,2023-04-16,Delivered,1816
1387,305,2023-09-04,Cancelled,1817
1388,114,2023-09-29,Delivered,861
1389,49,2022-05-13,Pending,524
1390,179,2023-09-14,Pending,662
1391,183,2023-09-21,Pending,1516
1392,284,2022-11-11,Delivered,201
1393,202,2023-09-25,Cancelled,541
1394,255,2022-03-05,Delivered,682
1395,45,2021-10-19,Delivered,1818
1396,99,2022-11-01,Pending,951
1397,183,2021-08-08,Cancelled,982
1398,114,2021-09-07,Pending,1097
1399,98,2021-12-30,Cancelled,668
1400,173,2023-09-08,Delivered,643
1401,74,2022-09-30,Delivered,977
1402,99,2022-11-11,Delivered,1509
1403,98,2022-01-28,Delivered,143
1404,260,2021-08-25,Pending,1456
1405,300,2022-04-14,Cancelled,127
1406,35,2022-12-26,Pending,42
1407,178,2021-10-24,Pending,1819
1408,186,2022-06-18,Cancelled,1820
1409,196,2021-11-04,Delivered,746
1410,177,2023-08-13,Cancelled,284
1411,165,2022-04-13,Cancelled,1322
1412,47,2022-03-16,Pending,154
1413,67,2022-09-20,Delivered,980
1414,144,2023-04-13,Pending,1821
1415,176,2023-08-23,Pending,206
1416,239,2023-06-12,Delivered,1822
1417,27,2022-08-04,Delivered,1420
1418,3,2022-12-02,Cancelled,10
1420,77,2023-07-14,Delivered,749
1421,214,2022-05-31,Delivered,2005
1422,18,2023-01-27,Delivered,1132
1423,37,2022-03-10,Delivered,302
1424,227,2022-08-21,Delivered,915
1425,203,2022-08-04,Pending,1823
1426,12,2022-04-26,Pending,214
1427,121,2022-10-24,Cancelled,1339
1428,140,2022-06-02,Delivered,361
1429,21,2023-08-04,Cancelled,171
1430,283,2022-07-17,Delivered,1245
1431,276,2022-12-01,Delivered,90
1432,109,2022-08-30,Cancelled,736
1433,259,2022-02-07,Delivered,393
1434,7,2022-05-23,Cancelled,458
1435,48,2022-11-19,Pending,1370
1436,11,2021-09-05,Pending,2006
1437,153,2023-07-15,Pending,880
1438,209,2022-11-21,Delivered,1824
1439,123,2022-07-30,Delivered,1825
1440,259,2023-05-07,Cancelled,1826
1441,184,2021-10-04,Delivered,901
1442,122,2022-06-29,Cancelled,1827
1443,309,2022-05-01,Delivered,1486
1444,143,2023-08-08,Pending,1828
1445,287,2022-02-27,Pending,1336
1446,48,2022-11-30,Delivered,298
1447,274,2022-04-26,Cancelled,1184
1448,17,2023-10-02,Delivered,384
1449,173,2022-04-06,Cancelled,1829
1450,255,2021-08-16,Pending,1830
1451,164,2023-07-20,Delivered,423
1452,266,2021-10-04,Cancelled,123
1453,272,2022-08-25,Pending,1831
1454,210,2023-02-24,Delivered,261
1455,159,2021-09-18,Pending,882
1456,119,2021-09-17,Cancelled,233
1457,138,2022-02-10,Pending,1105
1458,48,2021-11-21,Cancelled,1832
1459,6,2023-06-03,Pending,709
1460,291,2021-09-16,Cancelled,372
1461,279,2023-08-19,Cancelled,890
1462,247,2023-05-20,Delivered,1833
1463,41,2022-08-09,Delivered,59
1464,208,2022-01-09,Pending,1111
1465,154,2022-01-19,Pending,1834
1466,221,2021-11-24,Pending,683
1467,190,2023-08-31,Pending,843
1468,250,2022-12-09,Pending,1835
1469,281,2023-06-27,Pending,240
1470,136,2022-03-07,Delivered,711
1471,121,2021-08-19,Pending,406
1472,235,2022-02-26,Cancelled,253
1473,245,2023-07-14,Delivered,1836
1474,200,2023-06-15,Cancelled,1837
1475,130,2022-01-07,Pending,61
1476,283,2023-08-12,Delivered,1838
1477,110,2022-07-15,Pending,840
1478,148,2022-02-18,Delivered,244
1479,26,2022-02-26,Cancelled,1839
1480,240,2023-06-29,Pending,189
1481,116,2022-08-04,Cancelled,1001
1482,299,2021-08-18,Cancelled,293
1483,86,2022-07-22,Pending,1840
1484,90,2023-10-05,Delivered,1355
1485,40,2023-08-06,Delivered,1841
1486,280,2022-01-25,Delivered,455
1487,92,2022-04-20,Cancelled,972
1488,32,2022-11-14,Delivered,1099
1489,52,2022-03-06,Delivered,539
1490,238,2022-02-15,Pending,1484
1491,122,2022-08-23,Delivered,1054
1492,301,2022-06-07,Cancelled,1842
1493,74,2022-02-18,Delivered,1843
1494,86,2023-04-17,Cancelled,1179
1495,270,2023-03-18,Pending,75
1496,26,2023-02-08,Cancelled,1152
1497,5,2023-04-28,Cancelled,1844
1498,123,2022-07-30,Pending,2007
1499,156,2023-07-10,Pending,1035
1500,308,2021-11-24,Pending,956
1501,63,2022-03-27,Cancelled,1845
1502,2,2022-03-14,Delivered,605
1503,35,2021-12-04,Cancelled,1846
1504,292,2023-02-17,Delivered,1847
1505,164,2023-06-27,Delivered,1848
1506,167,2022-01-02,Delivered,1448
1507,202,2022-02-16,Pending,1293
1508,4,2023-09-23,Pending,1849
1509,156,2021-08-10,Delivered,813
1510,63,2022-07-29,Cancelled,1031
1511,212,2021-11-20,Pending,1525
1512,235,2021-10-02,Pending,1850
1513,232,2022-08-02,Pending,1431
1514,117,2023-05-15,Delivered,659
1515,11,2022-02-09,Pending,1018
1516,202,2021-08-09,Cancelled,1306
1517,24,2022-04-10,Pending,1851
1518,253,2023-08-04,Delivered,1121
1519,150,2022-12-30,Pending,886
1520,240,2022-01-16,Pending,21
1521,301,2021-09-23,Delivered,657
1522,238,2022-07-09,Cancelled,1270
1523,225,2022-05-24,Pending,970
1524,98,2023-01-27,Pending,1495
1525,157,2021-11-04,Cancelled,1136
1526,41,2023-04-17,Pending,1852
1527,153,2021-12-11,Delivered,1853
1528,150,2022-10-03,Pending,997
1529,306,2023-04-14,Cancelled,355
1530,273,2021-09-18,Pending,47
1531,77,2022-03-12,Delivered,4
1532,287,2022-03-02,Pending,1854
1533,54,2022-06-09,Delivered,627
1534,57,2023-09-28,Pending,1855
1535,202,2021-10-31,Pending,1856
1536,257,2022-06-14,Pending,858
1537,10,2022-02-14,Cancelled,522
1538,76,2021-09-24,Cancelled,91
1539,164,2023-06-02,Pending,499
1540,153,2021-11-29,Delivered,84
1541,224,2022-08-17,Cancelled,995
1542,208,2021-09-26,Pending,1030
1543,209,2023-04-06,Delivered,809
1544,125,2022-10-26,Delivered,1414
1545,5,2021-10-23,Delivered,281
1546,167,2023-08-08,Pending,122
1547,185,2022-10-01,Delivered,1857
1548,204,2022-08-22,Delivered,114
1549,44,2021-08-10,Pending,457
1550,77,2022-06-29,Delivered,866
1551,290,2022-12-27,Delivered,356
1553,270,2023-10-06,Delivered,1447
1554,237,2022-10-04,Pending,582
1555,184,2022-09-21,Cancelled,2008
1556,119,2023-10-02,Delivered,1187
1557,191,2023-05-19,Pending,430
1558,246,2022-03-06,Pending,156
1559,187,2023-04-30,Delivered,1859
1560,162,2022-12-31,Pending,484
1561,226,2023-04-13,Delivered,587
1562,172,2023-07-01,Cancelled,1860
1563,169,2023-08-05,Pending,667
1564,249,2023-04-23,Pending,1861
1565,57,2023-02-16,Delivered,354
1566,293,2022-11-09,Pending,933
1567,38,2023-01-07,Pending,1862
1568,298,2023-04-09,Pending,1863
1569,21,2021-10-10,Pending,642
1570,264,2021-12-05,Cancelled,787
1571,184,2023-08-17,Cancelled,1468
1572,135,2022-05-29,Delivered,95
1573,253,2022-11-21,Pending,197
1574,10,2022-10-10,Delivered,613
1575,48,2022-08-26,Pending,661
1576,239,2021-09-21,Delivered,175
1577,49,2022-01-25,Delivered,1188
1578,260,2023-09-04,Delivered,108
1579,91,2022-03-27,Delivered,1864
1580,222,2021-12-12,Cancelled,17
1581,127,2021-11-23,Delivered,823
1582,193,2022-10-20,Pending,1503
1583,301,2023-04-10,Delivered,234
1584,48,2021-09-16,Cancelled,1865
1585,68,2023-07-20,Pending,1359
1586,158,2022-08-05,Pending,109
1587,144,2023-08-30,Delivered,81
1588,9,2022-12-21,Pending,693
1589,299,2023-04-29,Pending,319
1590,242,2022-04-12,Cancelled,142
1591,127,2022-03-29,Delivered,107
1592,187,2021-09-17,Pending,1866
1593,52,2022-02-06,Cancelled,1364
1594,175,2023-01-21,Pending,1498
1595,41,2023-09-14,Cancelled,421
1596,94,2022-06-21,Cancelled,469
1597,155,2023-05-29,Delivered,316
1598,107,2023-02-25,Pending,46
1599,130,2021-09-28,Pending,1216
1600,194,2021-10-13,Pending,1134
1601,213,2022-04-26,Pending,1470
1602,300,2021-11-07,Pending,54
1603,14,2023-07-28,Pending,1867
1604,249,2023-01-08,Cancelled,187
1605,207,2021-12-24,Cancelled,998
1606,151,2023-04-10,Cancelled,230
1607,125,2021-08-28,Pending,728
1608,133,2021-08-13,Delivered,631
1609,257,2021-10-03,Delivered,655
1610,25,2022-07-04,Pending,806
1611,243,2023-09-07,Pending,117
1612,63,2021-11-07,Cancelled,1868
1613,219,2023-10-14,Pending,1500
1614,71,2022-10-18,Cancelled,328
1615,47,2023-08-14,Pending,1362
1616,270,2023-06-28,Pending,367
1617,86,2022-08-05,Delivered,756
1618,117,2022-09-06,Delivered,378
1619,306,2023-04-14,Pending,1294
1620,41,2023-04-25,Delivered,1869
1621,122,2021-08-27,Delivered,1412
1622,288,2023-07-19,Cancelled,376
1623,298,2023-08-28,Delivered,1325
1624,302,2022-11-21,Delivered,839
1625,282,2022-06-27,Pending,731
1626,97,2022-05-10,Pending,856
1627,144,2022-04-30,Pending,1870
1628,19,2023-01-01,Pending,16
1629,111,2021-11-10,Pending,2009
1630,245,2022-01-30,Pending,1871
1631,136,2022-01-13,Cancelled,687
1632,297,2022-09-12,Pending,480
1633,173,2023-02-02,Delivered,1872
1634,64,2022-08-22,Cancelled,772
1635,284,2022-06-19,Pending,1873
1636,9,2021-09-29,Delivered,1874
1637,36,2021-09-12,Pending,779
1638,40,2022-02-13,Pending,1875
1639,237,2022-11-18,Pending,850
1640,291,2022-03-13,Pending,1876
1641,93,2022-09-02,Pending,1287
1642,224,2022-09-27,Delivered,1207
1643,147,2022-12-11,Pending,1222
1644,16,2023-02-11,Cancelled,885
1645,303,2022-01-22,Cancelled,572
1646,143,2023-03-12,Cancelled,517
1647,236,2022-09-27,Cancelled,177
1648,240,2021-11-28,Delivered,765
1650,259,2023-01-27,Delivered,1877
1651,88,2021-11-30,Delivered,1878
1652,246,2023-09-24,Delivered,254
1653,44,2023-05-11,Delivered,528
1654,15,2022-01-03,Cancelled,959
1655,303,2023-04-16,Delivered,1342
1656,264,2022-07-17,Pending,1418
1657,9,2023-01-01,Delivered,718
1658,26,2023-03-14,Pending,9
1659,274,2022-06-18,Delivered,1879
1660,299,2021-11-28,Cancelled,923
1661,84,2022-06-14,Pending,1133
1662,209,2023-06-28,Delivered,1361
1663,148,2022-08-20,Cancelled,846
1664,300,2023-07-12,Pending,1098
1665,132,2021-12-26,Delivered,445
1666,256,2022-02-18,Cancelled,1285
1667,292,2022-07-24,Delivered,1450
1668,91,2021-10-24,Pending,1880
1669,156,2023-03-02,Pending,77
1670,111,2022-04-12,Delivered,1881
1671,98,2022-09-18,Pending,639
1672,46,2021-12-30,Delivered,1882
1673,82,2022-04-09,Delivered,446
1674,65,2023-09-21,Cancelled,1483
1675,141,2022-08-11,Cancelled,969
1676,203,2022-03-25,Delivered,289
1677,177,2022-08-22,Pending,1400
1678,149,2023-03-13,Delivered,442
1679,204,2022-07-25,Pending,1883
1680,260,2022-02-03,Pending,343
1681,130,2022-06-12,Cancelled,348
1682,143,2023-08-03,Delivered,292
1683,294,2023-09-07,Delivered,1157
1684,26,2021-11-04,Cancelled,1380
1685,168,2022-10-17,Delivered,1305
1686,304,2021-08-24,Delivered,895
1687,279,2022-03-08,Delivered,606
1688,185,2023-01-31,Delivered,551
1689,98,2021-09-23,Pending,1013
1690,124,2022-05-11,Cancelled,710
1691,178,2023-10-15,Cancelled,1290
1692,24,2022-06-14,Pending,1183
1693,124,2021-08-11,Pending,759
1694,217,2022-03-20,Pending,1884
1695,209,2021-11-15,Pending,1885
1696,154,2022-04-29,Delivered,1886
1697,270,2023-03-24,Pending,1887
1698,68,2022-02-20,Cancelled,2010
1699,53,2023-02-18,Delivered,172
1700,67,2023-08-16,Pending,599
1701,265,2022-09-24,Cancelled,1888
1703,106,2021-10-05,Pending,1889
1704,278,2022-01-19,Cancelled,1341
1705,233,2022-10-05,Pending,1890
1706,8,2023-05-15,Delivered,1891
1707,145,2021-10-26,Cancelled,879
1708,286,2021-11-05,Cancelled,2011
1709,79,2022-02-03,Pending,1892
1710,233,2022-09-19,Cancelled,817
1711,299,2022-10-31,Pending,1274
1712,20,2022-10-16,Delivered,365
1713,136,2022-10-08,Pending,887
1714,239,2022-07-22,Cancelled,334
1715,164,2021-08-27,Pending,1044
1716,306,2023-08-31,Delivered,1126
1717,259,2022-03-07,Cancelled,1893
1718,169,2023-05-28,Delivered,1266
1719,52,2023-06-13,Pending,1260
1720,18,2022-12-06,Pending,767
1721,52,2023-03-05,Pending,545
1722,215,2022-07-02,Delivered,1313
1723,131,2021-10-22,Pending,134
1724,277,2023-07-13,Delivered,428
1725,207,2021-12-13,Cancelled,790
1726,157,2021-10-12,Delivered,730
1727,242,2022-02-08,Pending,1480
1728,129,2023-04-10,Delivered,873
1729,202,2023-05-08,Delivered,195
1730,305,2023-09-13,Cancelled,857
1731,34,2023-02-26,Delivered,235
1732,307,2021-10-24,Delivered,716
1733,188,2022-09-03,Delivered,342
1734,80,2023-07-19,Cancelled,598
1735,149,2022-10-28,Pending,1894
1736,306,2021-12-20,Delivered,848
1737,14,2023-08-22,Cancelled,121
1738,62,2022-12-15,Delivered,653
1739,86,2021-10-04,Delivered,12
1740,274,2021-08-22,Delivered,1895
1741,126,2022-07-24,Delivered,1388
1742,119,2022-06-19,Cancelled,869
1743,155,2023-02-04,Pending,768
1744,20,2022-05-24,Pending,1896
1745,245,2022-06-23,Cancelled,1062
1746,1,2023-04-17,Pending,1897
1747,42,2022-10-15,Pending,615
1748,184,2022-01-28,Delivered,908
1749,155,2023-03-17,Delivered,264
1750,139,2022-07-12,Delivered,1070
1751,113,2023-07-19,Pending,1087
1752,187,2021-11-27,Delivered,173
1753,232,2022-05-21,Pending,755
1754,168,2021-09-23,Delivered,198
1755,208,2022-03-14,Delivered,1329
1756,72,2022-07-05,Delivered,738
1757,125,2022-01-15,Pending,1471
1758,269,2022-04-29,Delivered,1898
1759,27,2022-09-20,Pending,1899
1760,234,2021-09-01,Pending,919
1761,219,2022-12-24,Pending,14
1762,143,2021-10-17,Delivered,1017
1763,291,2021-11-01,Cancelled,1377
1764,140,2022-12-03,Pending,243
1765,260,2023-05-17,Delivered,1900
1766,71,2023-07-02,Delivered,1170
1767,167,2022-05-25,Delivered,1406
1768,157,2021-11-29,Pending,597
1769,85,2022-04-02,Delivered,1383
1770,296,2022-07-30,Cancelled,465
1771,171,2023-02-06,Pending,1372
1772,225,2022-09-09,Pending,1510
1773,138,2022-05-06,Pending,1410
1774,184,2021-09-12,Delivered,1091
1775,80,2022-08-24,Pending,1385
1776,259,2023-04-02,Pending,65
1777,300,2023-05-25,Delivered,591
1778,302,2022-05-11,Delivered,1155
1779,252,2021-10-05,Cancelled,1528
1780,220,2022-07-19,Cancelled,73
1781,260,2022-06-02,Cancelled,567
1782,232,2023-05-03,Pending,1108
1783,9,2023-10-12,Pending,1504
1784,191,2022-04-07,Pending,1901
1785,57,2022-08-04,Pending,1327
1786,305,2023-01-19,Pending,560
1787,5,2021-10-20,Pending,1112
1788,166,2021-08-15,Delivered,649
1789,79,2023-04-06,Pending,1902
1790,129,2021-10-23,Delivered,383
1791,62,2022-08-31,Delivered,680
1792,292,2023-01-25,Pending,315
1793,163,2022-08-11,Cancelled,373
1794,264,2023-08-29,Cancelled,170
1795,6,2023-04-28,Pending,819
1796,301,2023-10-10,Delivered,1357
1797,234,2021-09-25,Cancelled,1460
1798,286,2021-10-06,Delivered,588
1799,19,2022-06-18,Delivered,1903
1800,244,2023-08-22,Delivered,820
1801,20,2022-01-06,Pending,1053
1802,34,2023-07-15,Cancelled,557
1803,182,2022-09-25,Delivered,1904
1804,219,2022-12-29,Delivered,1905
1805,89,2022-12-12,Pending,460
1806,62,2023-08-27,Cancelled,1395
1807,45,2023-06-19,Pending,193
1808,12,2023-02-06,Cancelled,1906
1809,197,2022-11-21,Delivered,1907
1810,196,2021-12-30,Cancelled,1014
1811,79,2022-07-22,Cancelled,1074
1812,281,2023-09-12,Cancelled,1267
1813,36,2021-12-10,Delivered,1172
1814,45,2022-07-20,Pending,902
1815,114,2021-12-19,Delivered,124
1816,174,2022-03-31,Pending,1908
1817,304,2023-06-30,Delivered,2012
1818,280,2022-05-22,Pending,369
1819,181,2022-08-09,Delivered,463
1820,48,2022-02-22,Delivered,32
1821,53,2022-09-21,Pending,1067
1822,275,2022-07-07,Delivered,1139
1823,266,2022-08-30,Pending,1077
1824,47,2022-09-25,Pending,1082
1825,298,2021-09-28,Pending,53
1826,199,2022-09-15,Delivered,1909
1827,16,2022-04-06,Cancelled,448
1828,241,2023-05-06,Delivered,1147
1829,205,2021-09-29,Pending,1910
1830,171,2021-10-26,Delivered,64
1831,14,2023-02-14,Pending,740
1832,197,2023-09-10,Delivered,501
1833,103,2021-10-25,Cancelled,1911
1834,149,2021-10-25,Pending,2
1835,148,2022-07-25,Cancelled,1912
1836,46,2023-06-26,Pending,1335
1837,204,2022-05-05,Delivered,1116
1838,129,2022-09-09,Cancelled,1529
1839,24,2022-11-18,Pending,183
1840,7,2022-10-11,Pending,1913
1841,170,2022-03-10,Delivered,88
1842,32,2022-05-08,Delivered,968
1843,299,2021-10-06,Cancelled,952
1845,82,2023-06-23,Delivered,632
1846,132,2021-08-29,Cancelled,1914
1847,107,2022-05-16,Delivered,1173
1848,171,2022-07-19,Pending,671
1849,24,2022-08-26,Cancelled,1063
1850,60,2021-08-26,Pending,1469
1851,298,2023-02-02,Delivered,1138
1852,269,2022-02-20,Pending,994
1853,39,2023-05-13,Delivered,721
1854,164,2023-07-12,Pending,387
1855,119,2022-03-31,Pending,1076
1856,17,2023-04-14,Cancelled,543
1857,224,2023-09-24,Pending,257
1858,80,2022-09-18,Pending,1438
1859,94,2022-05-11,Delivered,1256
1860,44,2022-08-02,Pending,1424
1861,189,2021-11-07,Pending,725
1862,292,2021-08-26,Pending,1320
1863,84,2023-08-04,Cancelled,1915
1864,7,2023-05-26,Pending,27
1865,72,2021-12-01,Pending,1273
1866,66,2022-03-15,Pending,707
1867,123,2023-04-19,Pending,1916
1868,103,2022-07-03,Cancelled,1
1869,9,2021-10-02,Delivered,1213
1870,195,2022-05-05,Cancelled,1167
1871,235,2022-03-25,Pending,394
1872,267,2023-06-16,Pending,283
1873,292,2021-08-22,Pending,784
1874,288,2022-11-17,Pending,1234
1875,202,2022-02-01,Pending,1917
1876,18,2023-02-13,Pending,1918
1877,173,2022-12-13,Pending,1919
1878,165,2022-04-09,Delivered,670
1879,66,2022-07-14,Pending,696
1881,124,2023-03-26,Pending,67
1882,230,2021-11-13,Pending,1079
1883,13,2021-08-17,Cancelled,338
1884,28,2021-08-18,Pending,1920
1885,112,2023-03-27,Pending,473
1886,3,2021-12-07,Pending,1921
1887,153,2022-01-08,Pending,429
1888,21,2023-01-29,Pending,180
1889,177,2022-05-25,Pending,1048
1890,35,2023-08-19,Pending,1922
1891,197,2023-10-16,Cancelled,1923
1892,39,2022-09-25,Pending,305
1893,190,2022-12-05,Cancelled,751
1894,120,2022-11-09,Delivered,1924
1895,262,2022-05-14,Cancelled,1174
1896,234,2023-08-02,Delivered,1220
1897,223,2023-09-29,Pending,1925
1898,251,2023-10-10,Pending,1453
1899,218,2023-09-02,Delivered,74
1900,275,2023-02-20,Delivered,1488
1901,294,2021-10-27,Delivered,1926
1902,156,2022-12-23,Delivered,1927
1903,49,2022-09-20,Pending,453
1904,166,2023-06-24,Pending,1228
1905,2,2022-02-23,Delivered,411
1906,164,2021-11-08,Pending,1928
1907,229,2022-08-11,Pending,1929
1908,16,2023-02-13,Delivered,157
1909,229,2021-11-27,Cancelled,301
1910,111,2023-02-18,Delivered,415
1911,226,2022-11-07,Delivered,1930
1912,103,2022-02-22,Delivered,561
1913,192,2023-10-05,Pending,674
1914,108,2022-03-05,Cancelled,119
1915,206,2022-09-05,Pending,658
1916,274,2022-03-06,Pending,1931
1917,54,2022-10-19,Pending,1036
1918,30,2021-10-08,Delivered,1012
1919,204,2023-10-01,Delivered,1242
1920,96,2023-05-05,Delivered,921
1921,22,2022-02-27,Delivered,1314
1922,287,2021-09-19,Cancelled,1932
1923,181,2023-03-28,Delivered,1178
1924,51,2022-07-17,Delivered,347
1925,268,2022-01-05,Cancelled,1239
1926,58,2022-06-23,Pending,1933
1927,159,2022-05-22,Cancelled,1934
1928,52,2021-10-06,Cancelled,1935
1929,28,2023-09-04,Delivered,780
1930,306,2022-08-15,Delivered,1936
1931,31,2021-11-29,Cancelled,5
1932,256,2022-08-20,Pending,614
1933,53,2023-04-25,Delivered,1332
1934,197,2023-04-07,Delivered,1937
1935,136,2022-06-11,Cancelled,1403
1936,213,2021-09-29,Pending,104
1937,54,2023-08-29,Pending,1938
1938,59,2023-10-04,Pending,1164
1939,214,2023-04-11,Delivered,1939
1940,256,2022-03-16,Pending,801
1941,203,2021-08-26,Cancelled,246
1942,187,2022-11-21,Delivered,1940
1943,220,2022-01-30,Pending,504
1944,32,2023-03-25,Pending,509
1945,118,2022-11-25,Pending,556
1946,260,2023-01-05,Delivered,609
1947,52,2021-09-03,Cancelled,1458
1948,144,2022-10-03,Pending,1941
1949,160,2022-03-13,Delivered,1217
1950,116,2022-01-14,Delivered,277
1951,23,2023-02-10,Delivered,1131
1952,250,2023-07-16,Cancelled,1360
1953,214,2022-05-12,Delivered,278
1954,110,2022-05-20,Pending,1137
1955,137,2022-01-08,Cancelled,66
1956,20,2023-09-11,Pending,719
1957,132,2022-07-11,Pending,985
1958,168,2023-09-19,Delivered,1049
1959,189,2023-05-28,Pending,1247
1960,292,2023-09-27,Cancelled,1942
1961,26,2022-11-27,Pending,650
1962,55,2022-07-02,Pending,1943
1963,102,2023-06-26,Pending,271
1964,260,2022-11-11,Pending,497
1965,68,2022-03-07,Pending,505
1966,35,2021-08-12,Pending,706
1967,3,2023-05-25,Delivered,1944
1968,170,2023-08-29,Delivered,287
1969,241,2023-08-15,Delivered,96
1970,306,2023-03-30,Delivered,1204
1971,66,2022-05-19,Delivered,153
1972,228,2023-01-24,Delivered,797
1973,119,2023-05-03,Delivered,159
1974,224,2022-11-10,Cancelled,1396
1975,166,2022-04-07,Delivered,1272
1976,309,2021-09-13,Delivered,833
1977,289,2023-04-05,Delivered,906
1978,160,2022-05-15,Cancelled,1497
1979,200,2023-09-30,Cancelled,688
1980,196,2022-09-01,Cancelled,1515
1981,290,2023-05-06,Delivered,1124
1982,201,2023-05-10,Delivered,704
1983,77,2022-11-11,Cancelled,70
1984,133,2022-08-17,Pending,1945
1985,129,2023-07-23,Pending,1141
1986,275,2022-07-26,Pending,1946
1987,288,2022-06-25,Pending,1947
1988,235,2022-05-13,Delivered,407
1989,305,2021-12-23,Delivered,1277
1990,88,2022-04-16,Cancelled,630
1991,59,2023-09-18,Pending,690
1992,248,2023-01-13,Pending,1191
1993,20,2022-12-30,Cancelled,314
1994,3,2021-12-29,Pending,2013
1995,84,2023-04-18,Delivered,770
1996,170,2022-01-04,Pending,811
1997,214,2022-05-20,Cancelled,1948
1998,83,2022-10-16,Cancelled,1949
1999,253,2022-02-14,Delivered,377
2000,165,2022-04-30,Pending,1950
2001,85,2023-06-27,Pending,1474
2002,226,2022-07-21,Cancelled,1951
2003,250,2022-05-24,Cancelled,496
2004,24,2022-07-29,Delivered,550
2005,252,2022-01-09,Pending,1952
2006,178,2023-09-19,Delivered,1176
2007,199,2021-12-09,Pending,382
2008,195,2023-06-25,Cancelled,876
2009,65,2023-06-14,Pending,199
2011,224,2023-01-07,Pending,1026
2012,88,2021-09-09,Delivered,1953
2013,261,2022-07-29,Cancelled,1954
2024,1,2023-10-31,Shipped,NULL
2025,2,2023-10-31,Shipped,2049
2026,3,2023-10-31,Shipped,2050
2027,5,2023-10-31,Shipped,2051
2028,515,2023-10-31,Pending,2052
2029,516,2023-10-31,Pending,2053
2030,517,2023-10-31,Shipped,2054
2031,512,2023-10-31,Shipped,2055
2032,514,2023-10-31,Shipped,2056
2033,1,2023-11-08,Shipped,2057
2034,16,2023-11-08,Shipped,2060
2035,516,2023-11-08,Delivered,2061
2036,204,2023-11-08,Shipped,2063
2037,204,2023-11-08,Shipped,2064
2038,3,2023-11-08,Shipped,2065
2039,514,2023-11-08,Pending,NULL
