order_item_id,order_id,book_id,quantity,subtotal
1,708,475,5,580.90
2,448,221,6,714.00
3,1504,375,4,390.16
4,496,70,2,147.94
5,1903,137,8,804.48
6,1952,85,10,1095.40
7,1712,446,8,798.08
8,1422,423,5,584.65
9,1506,238,7,401.87
10,1450,168,4,237.48
11,1410,407,6,598.44
12,1168,324,4,98.44
13,1230,88,5,40.55
14,926,217,7,54.18
15,1976,332,9,391.14
16,50,517,1,103.21
17,455,423,2,233.86
18,1739,409,1,17.16
19,490,89,6,105.48
20,822,87,6,624.48
21,1979,270,5,185.50
22,363,215,5,574.65
23,1989,36,7,112.56
24,1077,324,8,196.88
25,178,203,9,205.20
26,254,87,3,312.24
27,245,397,6,177.66
28,1729,210,1,47.96
29,1226,85,1,109.54
30,293,192,8,85.60
31,1114,450,3,258.63
32,1027,438,5,363.10
33,567,465,6,415.86
34,490,231,3,263.52
35,1117,143,7,390.11
36,1586,329,9,428.49
37,956,508,4,127.44
38,1995,137,4,402.24
39,1147,230,5,569.00
40,441,496,5,450.90
41,874,21,9,466.56
42,1961,452,2,58.62
43,830,155,1,47.56
44,1026,501,2,221.56
45,1523,406,8,781.04
46,1416,327,5,142.50
47,10,243,2,59.48
48,1831,44,7,629.51
49,211,508,4,127.44
50,262,109,6,373.92
51,1012,326,9,619.29
52,1655,415,4,313.80
53,1633,32,3,316.71
54,1524,221,9,1071.00
55,1389,395,7,339.64
56,272,452,6,175.86
57,744,14,8,930.64
58,1054,481,9,829.89
59,1258,476,1,56.71
60,492,222,7,720.72
61,866,221,5,595.00
62,843,83,1,29.29
63,583,505,10,1058.20
64,556,144,1,56.58
65,1917,62,8,462.64
66,933,5,4,119.56
67,1059,480,10,556.30
68,963,95,5,526.20
69,280,365,7,745.85
70,773,320,2,213.22
71,912,82,5,421.15
72,142,405,8,610.32
73,1388,386,8,473.92
74,806,160,7,156.52
75,1003,19,2,68.04
76,1978,91,5,284.10
77,1024,148,3,243.48
78,1241,232,10,1165.10
79,2008,384,1,110.80
80,1823,507,10,1001.70
81,687,165,4,273.80
82,1195,347,1,94.14
83,822,381,2,37.58
84,1245,462,2,203.10
85,1457,331,8,568.40
86,1610,124,5,555.45
87,1937,19,2,68.04
88,977,219,9,168.21
89,139,261,1,27.26
90,1367,142,5,390.30
91,138,303,7,687.19
92,1891,285,6,496.32
93,1192,173,2,124.70
94,982,254,3,24.90
95,210,78,1,83.43
96,1211,200,10,836.30
97,896,200,1,83.63
98,1546,404,10,110.60
99,488,60,5,49.80
100,11,282,1,100.55
101,144,67,7,367.85
102,226,159,6,104.04
103,635,179,6,540.36
104,342,236,2,201.00
105,706,308,3,185.49
106,1451,267,6,262.92
107,556,428,10,353.00
108,486,70,7,517.79
109,1540,326,2,137.62
110,948,443,2,159.22
111,589,91,3,170.46
112,677,10,4,32.40
113,991,333,9,782.73
114,984,248,5,136.75
115,938,345,6,585.84
116,1047,139,6,676.26
117,1262,70,3,221.91
118,1719,436,7,683.48
119,869,292,3,267.75
120,210,448,8,423.60
121,642,312,3,195.87
122,670,287,2,105.40
123,958,286,9,1078.38
124,507,278,7,468.44
125,214,15,9,960.75
126,483,434,8,138.72
127,1805,2,7,567.63
128,766,346,4,416.88
129,1995,147,3,87.12
130,664,386,1,59.24
131,171,217,3,23.22
132,1645,251,1,96.63
133,367,286,1,119.82
134,1913,278,2,133.84
135,1051,415,1,78.45
136,1594,483,9,780.39
137,1296,498,7,819.21
138,824,214,10,700.40
139,799,27,4,28.84
140,633,511,7,428.12
141,301,157,7,500.08
142,1136,13,9,648.45
143,1520,177,6,668.40
144,997,110,4,128.72
145,1966,311,4,71.92
146,1784,136,6,314.22
147,1118,249,4,318.28
148,1013,225,3,83.04
149,607,44,1,89.93
150,1596,139,8,901.68
151,1442,93,2,153.88
152,688,44,4,359.72
153,1676,205,2,176.04
155,1113,489,10,1190.20
156,1718,215,8,919.44
157,519,185,3,285.93
158,1775,454,4,236.80
159,524,511,8,489.28
160,994,431,8,489.44
161,991,263,10,610.30
162,1869,415,1,78.45
163,1742,414,4,105.76
164,766,160,2,44.72
165,678,60,4,39.84
166,1156,17,5,548.70
167,1283,257,9,920.34
168,1073,520,3,226.23
169,1578,172,8,290.72
170,1356,94,8,684.80
171,1023,145,1,41.35
172,533,480,8,445.04
173,616,225,9,249.12
174,1143,468,2,209.84
175,1751,419,3,130.14
176,1392,20,5,492.15
177,1961,360,5,204.70
178,628,483,8,693.68
179,665,492,6,222.66
180,1770,379,6,653.88
181,821,2,9,729.81
182,324,520,9,678.69
183,47,120,2,134.66
184,1503,449,1,89.99
185,997,121,7,143.36
186,1480,247,3,206.07
187,320,22,2,94.08
188,119,213,6,474.48
189,1987,20,4,393.72
190,1884,312,7,457.03
191,231,483,10,867.10
192,1898,53,7,254.73
193,957,138,5,588.30
194,1530,57,9,1073.61
195,650,377,7,639.45
196,1694,68,8,795.28
197,511,201,5,496.15
198,465,33,2,110.26
199,1546,413,2,199.54
200,717,1,3,162.24
201,402,142,6,468.36
202,829,259,4,330.60
203,969,517,9,928.89
204,220,506,2,66.76
205,1576,205,5,440.10
206,1718,401,5,67.50
207,712,274,1,11.29
208,1241,302,5,388.05
209,1440,437,10,191.10
210,1077,389,2,39.36
211,12,85,1,109.54
212,1999,349,10,867.40
213,720,366,4,175.20
214,730,270,4,148.40
215,1956,13,6,432.30
216,1366,349,1,86.74
217,608,286,2,239.64
218,1223,462,7,710.85
219,911,521,6,90.54
220,1522,92,5,371.70
221,1316,140,5,332.75
222,1511,425,1,38.45
223,544,482,10,1181.50
224,677,62,3,173.49
225,27,336,8,665.12
226,1128,480,7,389.41
227,243,282,2,201.10
228,269,349,3,260.22
229,632,184,10,1137.10
230,651,504,8,724.88
231,1494,4,2,88.82
232,1197,26,9,944.01
233,1801,465,1,69.31
234,952,113,7,392.21
235,177,294,4,329.12
236,308,513,2,106.40
237,1317,421,9,63.09
238,234,464,4,84.48
239,1919,259,4,330.60
240,1303,289,6,637.98
241,1318,91,3,170.46
242,229,478,4,49.64
243,845,218,9,450.63
244,443,64,8,341.36
245,1082,145,9,372.15
246,178,519,4,102.88
247,633,168,7,415.59
248,1214,385,6,600.06
249,922,364,9,820.89
250,1652,85,6,657.24
251,89,220,6,361.20
252,572,505,1,105.82
253,1295,449,9,809.91
254,820,146,10,583.10
255,1015,111,10,877.80
256,1534,475,7,813.26
257,1780,380,3,115.08
258,1977,111,1,87.78
259,1533,42,5,316.80
260,16,422,1,102.34
261,171,251,3,289.89
262,28,490,10,478.60
263,1003,146,8,466.48
264,850,283,10,1062.90
265,319,2,5,405.45
266,659,82,1,84.23
267,494,81,10,796.60
268,968,90,2,144.06
269,491,77,6,650.94
270,917,214,2,140.08
271,1069,86,2,213.92
272,311,268,6,67.26
273,1340,228,7,334.11
274,1740,159,4,69.36
275,443,7,7,728.77
276,650,185,6,571.86
277,1300,259,2,165.30
278,1506,519,7,180.04
279,518,422,1,102.34
280,40,347,5,470.70
281,748,155,2,95.12
282,767,197,7,408.45
283,1956,171,6,100.68
284,1369,110,1,32.18
285,1729,297,4,331.56
286,706,507,7,701.19
287,1334,195,4,225.84
288,896,144,8,452.64
289,331,328,10,936.30
290,1240,75,7,454.44
291,683,316,6,390.60
292,1792,516,2,222.16
293,475,309,4,171.00
294,831,507,2,200.34
295,1643,19,3,102.06
296,1749,98,1,92.75
297,579,17,1,109.74
298,1601,14,6,697.98
299,1233,246,5,113.95
300,1921,88,8,64.88
301,218,103,7,102.55
302,1036,364,4,364.84
303,1385,497,6,544.80
304,1028,509,1,74.22
305,894,85,1,109.54
306,725,105,4,168.72
307,1866,257,1,102.26
308,468,82,9,758.07
310,1238,339,3,338.01
311,1943,379,6,653.88
312,1008,144,4,226.32
313,1837,483,9,780.39
314,747,61,10,297.20
315,1020,59,10,868.40
316,541,292,6,535.50
317,485,197,1,58.35
318,592,438,5,363.10
319,1745,9,1,21.87
320,146,464,10,211.20
321,1275,34,5,51.75
322,432,107,5,261.70
323,1850,383,9,562.68
324,698,240,8,933.20
325,1059,451,8,434.48
326,851,182,8,213.20
327,1156,435,2,36.44
328,861,73,1,25.70
329,1127,92,4,297.36
330,749,19,6,204.12
331,1353,420,1,115.37
332,1648,441,4,73.68
333,655,194,4,380.88
334,550,118,8,642.88
335,21,3,3,232.98
336,1709,291,1,86.18
337,1864,311,5,89.90
338,192,345,9,878.76
339,1263,115,5,346.00
340,1659,521,1,15.09
341,110,281,1,62.34
342,121,23,5,465.80
343,1451,173,7,436.45
344,1486,366,9,394.20
345,401,250,4,415.28
346,1509,306,7,170.45
347,501,318,3,205.41
348,1847,263,8,488.24
349,222,332,3,130.38
350,1884,21,6,311.04
351,1751,296,6,232.38
352,1471,158,7,672.49
353,1714,296,10,387.30
354,1038,185,8,762.48
355,18,32,9,950.13
356,1636,292,4,357.00
357,274,362,8,620.32
358,1373,520,8,603.28
360,338,512,6,129.06
361,261,232,4,466.04
362,1896,122,2,100.82
363,499,56,7,505.82
364,248,471,2,189.62
366,1077,62,8,462.64
367,850,187,2,126.90
368,1656,223,8,575.76
369,1050,313,7,741.86
370,1254,51,1,66.68
371,1116,89,9,158.22
372,1295,148,8,649.28
373,1144,330,9,886.41
374,1964,17,4,438.96
375,1818,440,2,83.68
376,1153,413,10,997.70
377,859,275,6,411.96
378,820,399,6,518.34
379,1364,12,8,617.28
380,572,502,8,947.68
381,29,266,6,604.08
382,404,226,3,234.87
383,25,67,5,262.75
384,1147,391,3,269.88
385,1036,447,1,31.61
386,467,70,3,221.91
387,286,329,3,142.83
388,2013,397,7,207.27
389,999,7,4,416.44
390,1337,100,8,459.36
391,290,401,4,54.00
392,1832,86,1,106.96
393,1041,270,3,111.30
394,790,326,10,688.10
395,355,34,9,93.15
396,1592,184,6,682.26
397,1204,358,6,156.60
399,829,20,1,98.43
400,122,218,10,500.70
401,1193,482,2,236.30
402,1471,40,10,1189.70
403,1360,501,5,553.90
404,213,109,4,249.28
405,1756,186,8,210.96
406,1147,194,7,666.54
407,201,497,5,454.00
408,1504,331,9,639.45
409,1978,191,2,188.90
410,814,294,2,164.56
411,1962,204,2,120.22
412,1952,475,10,1161.80
413,70,511,4,244.64
414,1749,425,9,346.05
415,2004,182,4,106.60
416,1856,327,6,171.00
417,1460,321,5,264.85
418,1484,416,3,356.94
419,491,191,2,188.90
420,1611,459,1,43.34
421,809,74,6,558.54
422,1201,254,10,83.00
423,1927,351,3,43.47
424,1868,49,4,429.76
425,375,392,1,60.09
426,1278,27,10,72.10
427,1952,338,5,531.30
428,1849,19,9,306.18
429,1886,256,6,64.38
430,730,211,3,171.36
431,1375,199,1,20.03
432,1605,450,1,86.21
433,1492,232,6,699.06
434,1718,75,3,194.76
435,1022,82,4,336.92
436,788,98,9,834.75
437,350,128,1,65.12
438,436,153,3,83.79
439,1501,149,3,85.29
440,250,268,4,44.84
441,1384,34,4,41.40
442,971,434,4,69.36
443,950,55,3,65.04
444,1164,506,7,233.66
445,144,254,6,49.80
446,1312,257,5,511.30
447,373,286,3,359.46
448,1253,436,3,292.92
449,1938,12,6,462.96
450,1954,270,2,74.20
451,1067,106,2,113.22
452,16,420,1,115.37
453,1625,466,2,54.34
455,811,51,5,333.40
456,1031,418,2,127.10
457,164,61,5,148.60
458,1388,140,3,199.65
459,1568,450,9,775.89
460,1363,64,6,256.02
461,989,423,8,935.44
462,379,250,1,103.82
463,468,431,4,244.72
464,1317,31,3,340.05
465,1193,294,7,575.96
466,946,221,10,1190.00
467,1116,400,7,423.78
468,270,148,1,81.16
469,1444,344,9,1052.46
470,2008,66,6,437.04
471,559,22,6,282.24
472,951,15,10,1067.50
473,1915,237,7,303.80
474,823,118,6,482.16
475,178,401,3,40.50
477,526,96,6,420.66
478,935,265,5,591.80
479,901,336,5,415.70
480,50,394,1,115.65
481,82,357,3,326.61
482,1954,173,6,374.10
483,1048,470,9,395.28
484,493,101,2,141.52
485,352,152,5,260.10
486,461,487,1,69.95
487,594,483,3,260.13
488,1364,402,5,519.80
489,1738,44,5,449.65
490,1667,331,7,497.35
491,1441,437,7,133.77
492,1854,446,7,698.32
493,1939,65,10,1111.30
494,1136,51,5,333.40
495,396,394,7,809.55
496,253,59,1,86.84
497,918,403,6,667.14
498,1255,394,6,693.90
499,1014,221,9,1071.00
500,977,183,8,486.48
501,523,436,4,390.56
502,647,268,1,11.21
503,1017,451,5,271.55
504,848,242,8,339.20
505,1657,429,1,79.00
506,559,374,3,303.09
507,557,160,8,178.88
508,1317,203,7,159.60
509,742,282,5,502.75
510,1019,281,10,623.40
511,1074,64,9,384.03
512,920,454,3,177.60
513,1291,435,6,109.32
514,766,74,3,279.27
515,932,143,8,445.84
516,892,388,7,59.71
517,1524,349,1,86.74
518,475,309,3,128.25
519,860,445,6,167.46
520,646,299,7,160.58
521,841,193,8,729.52
522,1503,492,3,111.33
523,1480,3,6,465.96
524,1775,468,3,314.76
525,1355,324,5,123.05
526,213,307,3,69.24
527,379,332,8,347.68
528,342,51,4,266.72
529,1395,495,1,24.38
530,286,70,9,665.73
531,1336,353,2,66.18
532,841,142,6,468.36
533,1066,199,7,140.21
534,1759,293,4,252.12
535,986,105,3,126.54
536,1239,86,8,855.68
537,1768,126,3,208.05
538,1494,433,10,394.80
539,1566,44,10,899.30
540,1895,372,4,428.92
541,1615,371,2,50.62
542,681,187,1,63.45
543,556,315,1,102.42
544,513,439,4,58.20
545,1208,184,1,113.71
546,1605,92,2,148.68
547,1787,225,10,276.80
548,1623,446,9,897.84
549,1097,386,3,177.72
550,1183,124,10,1110.90
551,855,144,10,565.80
552,1912,146,7,408.17
553,515,318,4,273.88
554,1876,14,6,697.98
555,1838,458,8,206.64
556,1391,1,4,216.32
557,944,454,6,355.20
558,52,466,8,217.36
559,1417,95,7,736.68
560,1799,285,8,661.76
561,1065,93,2,153.88
562,280,192,10,107.00
563,1822,252,8,409.12
564,197,339,3,338.01
565,82,141,3,286.53
566,1993,44,3,269.79
567,1715,413,9,897.93
568,1363,237,7,303.80
569,1616,454,8,473.60
570,1336,240,10,1166.50
571,1752,415,5,392.25
572,6,146,2,116.62
573,829,507,8,801.36
574,1217,108,4,195.40
575,31,3,5,388.30
576,383,328,8,749.04
577,1861,169,2,213.20
578,699,499,9,841.05
579,1733,34,5,51.75
580,1277,173,1,62.35
581,734,51,10,666.80
582,1672,324,2,49.22
583,467,302,9,698.49
584,1461,502,8,947.68
585,934,231,7,614.88
586,340,140,2,133.10
587,720,243,3,89.22
588,1538,472,6,381.48
589,849,477,7,342.37
590,1664,305,9,1029.24
591,1399,238,4,229.64
592,75,438,8,580.96
593,1371,376,6,462.78
594,1196,334,8,434.16
595,467,189,8,290.88
596,1458,316,6,390.60
597,1266,94,5,428.00
598,1369,171,6,100.68
599,1053,341,8,534.72
600,1779,144,1,56.58
601,1084,424,6,255.18
602,138,460,5,549.95
603,1949,464,6,126.72
604,1725,472,4,254.32
605,1474,504,1,90.61
606,1131,461,8,748.72
607,1759,165,8,547.60
608,690,253,4,157.24
609,1170,100,1,57.42
610,890,131,4,434.84
611,871,62,8,462.64
612,1223,104,5,454.05
613,840,172,8,290.72
615,1892,36,9,144.72
616,1743,288,3,172.23
617,131,390,1,84.66
618,122,306,7,170.45
619,1003,82,10,842.30
620,1439,324,4,98.44
621,1795,188,1,54.10
622,1692,142,4,312.24
623,1961,224,4,322.12
624,1930,33,2,110.26
625,1694,100,6,344.52
626,1026,39,2,234.44
627,1193,259,4,330.60
628,26,45,10,1129.30
629,1153,482,10,1181.50
630,371,314,7,165.34
631,692,198,7,538.16
632,1774,254,9,74.70
633,1349,285,10,827.20
634,1948,474,7,611.73
635,980,33,10,551.30
636,1998,276,3,181.89
637,1806,309,6,256.50
638,1304,202,1,67.43
639,1712,20,6,590.58
640,590,73,4,102.80
641,1285,198,8,615.04
642,1742,472,3,190.74
643,885,473,3,260.07
644,1259,485,8,275.36
645,424,313,9,953.82
646,1509,23,2,186.32
647,351,372,8,857.84
648,450,14,8,930.64
649,1083,19,4,136.08
650,1066,521,6,90.54
651,1763,427,1,35.77
652,784,326,4,275.24
653,642,519,1,25.72
654,1109,369,10,1002.50
655,1257,29,6,126.06
656,1859,277,7,145.60
657,882,70,5,369.85
658,973,26,9,944.01
659,236,143,3,167.19
660,2006,199,2,40.06
661,513,448,1,52.95
662,1015,486,8,188.64
663,1453,348,2,200.12
664,152,507,1,100.17
665,1606,87,8,832.64
666,1896,19,5,170.10
667,1976,18,5,324.70
668,1757,244,6,343.08
669,795,56,2,144.52
670,1289,284,3,57.30
671,631,276,6,363.78
672,1774,396,4,127.28
673,47,244,9,514.62
674,1351,521,5,75.45
675,812,267,10,438.20
676,1951,520,5,377.05
677,1948,218,4,200.28
678,1927,408,1,59.08
679,479,395,6,291.12
680,296,8,7,365.61
681,319,220,4,240.80
682,1032,383,6,375.12
683,1160,364,8,729.68
684,14,134,6,566.64
685,881,318,3,205.41
686,454,181,2,167.56
687,294,305,3,343.08
688,1251,438,7,508.34
689,1417,2,5,405.45
690,1765,430,8,184.00
691,871,65,3,333.39
692,1781,71,8,483.68
693,1627,85,4,438.16
694,1010,226,7,548.03
695,20,257,8,818.08
696,892,268,9,100.89
697,1594,381,10,187.90
698,175,29,10,210.10
699,1640,40,9,1070.73
700,1826,77,3,325.47
701,457,334,1,54.27
702,94,66,1,72.84
703,1892,386,5,296.20
704,626,13,9,648.45
705,706,141,6,573.06
706,1584,274,10,112.90
707,1053,236,4,402.00
708,620,312,8,522.32
709,1364,518,10,210.00
710,1569,148,4,324.64
711,154,15,4,427.00
712,1100,293,2,126.06
713,86,170,9,1064.34
714,307,507,1,100.17
715,720,318,8,547.76
716,1771,313,5,529.90
717,1084,26,9,944.01
718,656,381,9,169.11
719,1358,497,7,635.60
720,938,514,3,183.84
721,1828,306,3,73.05
722,397,337,7,365.40
723,1109,471,8,758.48
724,268,90,6,432.18
725,283,214,7,490.28
726,1532,313,7,741.86
727,1452,144,8,452.64
728,1033,27,9,64.89
729,578,455,1,114.25
730,622,460,6,659.94
731,741,28,2,77.48
732,1826,467,5,415.65
733,289,270,6,222.60
734,1334,225,10,276.80
735,493,54,3,256.71
736,520,142,9,702.54
737,399,215,5,574.65
738,225,417,2,31.96
739,1371,428,2,70.60
740,1849,173,4,249.40
741,362,98,2,185.50
742,740,270,2,74.20
743,508,247,2,137.38
744,675,57,5,596.45
745,786,480,2,111.26
746,1242,117,8,260.32
747,1335,3,8,621.28
748,809,122,8,403.28
749,1141,150,2,138.08
750,1213,243,7,208.18
751,1774,2,1,81.09
752,1889,84,7,245.91
753,4,296,6,232.38
754,891,431,3,183.54
755,856,379,5,544.90
756,230,357,5,544.35
757,186,241,7,435.54
758,1129,468,8,839.36
759,1592,513,8,425.60
760,638,520,2,150.82
761,1778,229,7,463.26
762,384,10,2,16.20
763,428,201,4,396.92
764,1217,521,5,75.45
765,318,442,2,148.28
766,1850,321,8,423.76
767,1727,430,9,207.00
768,575,147,9,261.36
769,1866,375,7,682.78
770,964,249,6,477.42
771,1313,11,10,453.30
772,405,54,8,684.56
773,1213,39,2,234.44
774,1645,193,7,638.33
775,1736,457,1,60.91
776,118,325,1,16.16
777,325,283,7,744.03
778,1897,47,9,323.01
779,470,365,2,213.10
780,475,419,10,433.80
781,54,41,7,772.66
782,1626,197,2,116.70
783,1104,52,5,278.15
784,1707,21,10,518.40
785,1550,372,10,1072.30
786,1389,238,8,459.28
787,709,250,5,519.10
788,400,25,4,451.92
789,930,79,4,452.04
790,948,212,1,68.57
791,1256,112,2,201.28
792,1176,338,9,956.34
793,968,264,8,525.60
794,1747,355,5,427.45
795,1451,111,4,351.12
796,1481,133,7,301.28
797,1945,63,2,148.58
798,993,215,3,344.79
799,1971,335,9,867.24
800,1547,448,1,52.95
801,1705,324,6,147.66
802,171,58,5,229.90
803,1727,175,7,76.16
804,1302,196,2,97.80
805,1375,520,10,754.10
806,1674,64,8,341.36
807,556,337,1,52.20
808,230,487,9,629.55
809,997,489,6,714.12
810,730,165,10,684.50
811,1519,200,9,752.67
812,299,72,3,123.99
813,1161,195,7,395.22
814,842,357,5,544.35
815,398,330,1,98.49
816,368,137,2,201.12
817,378,287,2,105.40
818,1278,50,1,51.95
819,1721,498,3,351.09
820,1865,515,9,835.65
821,229,144,6,339.48
822,1637,423,9,1052.37
823,91,211,3,171.36
824,243,301,4,333.64
825,139,59,5,434.20
826,1111,253,6,235.86
827,537,172,5,181.70
828,568,72,9,371.97
829,1497,201,7,694.61
830,1340,429,3,237.00
831,3,30,7,359.80
832,1691,169,10,1066.00
833,189,431,5,305.90
834,91,328,7,655.41
835,139,416,9,1070.82
836,712,12,1,77.16
837,1932,392,2,120.18
838,1141,170,2,236.52
839,1737,285,9,744.48
840,399,247,3,206.07
841,1572,312,4,261.16
842,1577,470,6,263.52
843,251,252,6,306.84
844,884,221,6,714.00
845,1808,18,3,194.82
846,320,392,1,60.09
847,554,252,5,255.70
848,1944,491,3,158.88
849,1955,20,6,590.58
850,249,203,8,182.40
851,283,305,10,1143.60
852,1493,275,9,617.94
853,1320,346,9,937.98
854,1726,245,2,146.30
855,282,235,5,233.10
856,928,158,6,576.42
857,1128,229,7,463.26
858,694,152,6,312.12
859,321,291,7,603.26
860,713,430,7,161.00
861,1820,372,7,750.61
862,1020,358,7,182.70
863,1551,461,7,655.13
864,534,89,8,140.64
865,215,135,2,87.46
866,1587,370,4,265.60
868,53,244,3,171.54
869,1040,320,3,319.83
870,1516,439,10,145.50
871,236,153,3,83.79
872,1706,467,5,415.65
873,624,251,4,386.52
874,1086,255,3,248.16
875,341,216,8,328.64
876,17,311,4,71.92
877,1984,229,7,463.26
878,710,274,1,11.29
879,916,361,9,830.52
880,379,356,9,579.24
881,1766,179,8,720.48
882,1757,115,10,692.00
883,39,146,8,466.48
884,1482,400,7,423.78
885,439,97,8,763.36
886,1171,348,4,400.24
887,542,477,9,440.19
888,200,215,7,804.51
889,1483,80,10,874.50
890,1162,352,6,158.70
891,66,489,8,952.16
892,1976,186,10,263.70
893,191,176,3,230.76
894,1582,61,5,148.60
895,1780,521,9,135.81
896,973,52,8,445.04
897,90,32,3,316.71
898,1738,174,9,314.28
899,1309,240,1,116.65
900,209,363,7,350.07
901,827,120,2,134.66
902,1334,61,6,178.32
903,576,117,10,325.40
904,1569,222,1,102.96
905,1968,6,10,973.70
906,1789,232,6,699.06
907,1553,238,2,114.82
908,664,370,3,199.20
909,153,464,9,190.08
910,1663,431,3,183.54
911,2004,129,2,168.00
912,305,269,7,215.60
913,831,330,7,689.43
914,507,293,2,126.06
915,1955,15,2,213.50
916,206,417,5,79.90
917,1735,50,3,155.85
918,1712,96,1,70.11
919,1375,33,10,551.30
920,8,96,6,420.66
921,504,68,9,894.69
922,717,191,8,755.60
923,415,440,9,376.56
924,150,156,3,100.65
925,1190,250,1,103.82
926,425,360,8,327.52
927,1356,195,6,338.76
928,1090,2,9,729.81
929,1516,400,6,363.24
930,919,33,4,220.52
932,374,323,6,569.88
933,1141,479,1,89.49
934,1586,263,5,305.15
935,742,368,2,131.20
936,1897,316,8,520.80
937,573,109,4,249.28
938,1132,229,6,397.08
939,1008,378,8,136.00
940,1046,506,8,267.04
942,121,463,9,529.56
943,1333,163,5,502.30
944,1569,501,5,553.90
945,1211,513,7,372.40
946,1223,133,2,86.08
947,292,216,1,41.08
948,906,188,2,108.20
949,791,113,5,280.15
950,111,251,7,676.41
951,716,62,6,346.98
952,235,455,10,1142.50
953,815,200,4,334.52
954,128,6,2,194.74
955,631,148,9,730.44
956,1725,92,9,669.06
957,1056,157,9,642.96
958,1125,358,10,261.00
959,1959,195,10,564.60
960,1692,226,6,469.74
961,443,418,9,571.95
962,77,445,4,111.64
963,1642,313,4,423.92
964,315,443,10,796.10
965,1695,462,5,507.75
966,455,2,7,567.63
967,1035,98,2,185.50
968,202,404,4,44.24
969,1515,58,1,45.98
970,1275,484,3,81.78
971,775,301,10,834.10
972,1360,300,2,178.48
973,1789,389,10,196.80
974,1293,56,10,722.60
975,1455,1,5,270.40
976,687,202,10,674.30
977,646,252,8,409.12
978,653,450,3,258.63
979,1104,452,4,117.24
980,1270,190,9,228.60
981,324,396,5,159.10
982,940,344,9,1052.46
983,85,239,3,130.29
984,1353,487,4,279.80
985,1466,341,7,467.88
986,210,41,9,993.42
987,1674,225,7,193.76
988,198,397,10,296.10
989,661,68,9,894.69
990,1003,341,8,534.72
991,593,380,1,38.36
992,166,441,10,184.20
993,736,262,3,238.38
994,1592,454,4,236.80
995,1944,378,5,85.00
996,1184,133,1,43.04
997,339,449,10,899.90
998,439,113,4,224.12
999,637,18,4,259.76
1000,1035,291,8,689.44
1001,310,449,6,539.94
1002,1365,266,6,604.08
1003,1560,48,7,69.65
1004,945,394,8,925.20
1005,1970,446,8,798.08
1006,1322,446,1,99.76
1007,1370,439,10,145.50
1008,197,472,3,190.74
1009,1806,340,1,31.37
1010,914,297,1,82.89
1011,213,322,9,976.50
1012,889,154,10,642.60
1013,1858,282,8,804.40
1014,712,25,6,677.88
1015,910,191,5,472.25
1016,1425,12,4,308.64
1017,1349,108,10,488.50
1018,1373,458,8,206.64
1019,780,301,2,166.82
1020,860,386,6,355.44
1021,601,234,9,1009.62
1022,1207,173,1,62.35
1023,1816,194,8,761.76
1024,1611,93,1,76.94
1025,1854,307,5,115.40
1026,1402,257,6,613.56
1027,759,280,1,54.36
1028,1206,288,7,401.87
1029,1812,37,7,475.65
1030,1998,234,3,336.54
1031,1483,95,10,1052.40
1032,1494,414,3,79.32
1033,817,179,6,540.36
1034,1957,322,2,217.00
1035,1277,486,4,94.32
1036,1749,398,9,980.91
1037,443,139,10,1127.10
1038,1080,75,10,649.20
1039,1412,487,4,279.80
1040,456,94,9,770.40
1041,283,391,9,809.64
1042,543,8,9,470.07
1043,520,412,4,446.60
1044,1919,263,3,183.09
1045,220,504,9,815.49
1046,378,345,1,97.64
1047,749,74,4,372.36
1048,206,265,4,473.44
1049,63,272,8,512.40
1050,770,238,5,287.05
1051,1912,496,10,901.80
1052,750,489,3,357.06
1053,309,449,8,719.92
1054,1122,133,6,258.24
1055,1452,340,5,156.85
1056,1330,54,8,684.56
1057,1351,325,9,145.44
1058,376,311,6,107.88
1060,1506,247,6,412.14
1061,1368,221,2,238.00
1062,117,282,5,502.75
1063,1122,385,1,100.01
1064,1409,495,1,24.38
1065,1464,160,2,44.72
1066,866,66,6,437.04
1067,1853,115,10,692.00
1068,1158,350,8,110.32
1069,1989,69,7,68.67
1070,1427,67,4,210.20
1071,748,308,9,556.47
1072,674,372,3,321.69
1073,1365,479,6,536.94
1074,1157,57,5,596.45
1075,795,516,10,1110.80
1076,1554,469,4,473.44
1077,1951,428,7,247.10
1078,1562,164,3,346.74
1079,913,454,3,177.60
1080,474,116,4,316.04
1081,256,222,1,102.96
1082,106,273,7,703.22
1083,962,75,7,454.44
1084,890,78,9,750.87
1085,1240,465,5,346.55
1086,377,2,6,486.54
1087,883,243,1,29.74
1088,894,211,5,285.60
1089,1496,321,2,105.94
1090,914,319,3,262.62
1091,1422,493,4,439.76
1092,681,110,4,128.72
1093,1521,383,2,125.04
1094,830,333,4,347.88
1095,127,10,4,32.40
1096,407,288,10,574.10
1097,1155,139,5,563.55
1098,192,269,3,92.40
1099,765,233,7,200.83
1100,791,134,8,755.52
1101,249,354,5,231.10
1102,1560,487,3,209.85
1103,1581,291,6,517.08
1104,1610,412,10,1116.50
1105,791,305,2,228.72
1106,1476,390,10,846.60
1107,889,168,10,593.70
1108,1553,245,10,731.50
1109,611,21,9,466.56
1110,540,423,10,1169.30
1111,833,461,9,842.31
1112,183,242,8,339.20
1113,887,277,7,145.60
1114,753,462,4,406.20
1115,770,12,1,77.16
1116,881,414,3,79.32
1117,1834,121,6,122.88
1118,68,48,6,59.70
1119,1961,441,7,128.94
1120,1464,111,5,438.90
1121,453,408,10,590.80
1122,472,369,7,701.75
1123,85,348,7,700.42
1124,1744,73,4,102.80
1125,1746,192,1,10.70
1126,1191,7,4,416.44
1127,794,334,10,542.70
1128,419,152,2,104.04
1129,322,440,10,418.40
1130,1966,485,2,68.84
1131,1934,450,4,344.84
1132,356,126,10,693.50
1133,1603,508,9,286.74
1134,224,28,6,232.44
1135,474,140,2,133.10
1136,758,330,8,787.92
1137,44,26,6,629.34
1138,138,29,6,126.06
1139,520,412,2,223.30
1140,76,508,2,63.72
1141,1568,209,4,382.64
1142,1290,93,5,384.70
1143,1538,241,9,559.98
1144,898,203,2,45.60
1145,1256,116,5,395.05
1146,278,194,3,285.66
1147,402,247,10,686.90
1148,1209,239,8,347.44
1149,1495,39,7,820.54
1150,1309,512,10,215.10
1151,1238,248,9,246.15
1152,847,302,7,543.27
1153,1513,232,3,349.53
1154,1589,376,3,231.39
1155,412,293,6,378.18
1156,19,300,1,89.24
1157,181,492,7,259.77
1158,1356,329,4,190.44
1159,1725,465,5,346.55
1160,1615,236,9,904.50
1161,203,192,3,32.10
1162,1336,317,6,566.76
1163,330,147,6,174.24
1164,941,483,8,693.68
1165,530,235,4,186.48
1166,1522,422,5,511.70
1167,394,32,1,105.57
1168,1090,32,7,738.99
1169,699,285,1,82.72
1170,262,275,5,343.30
1171,161,114,7,106.68
1172,602,6,8,778.96
1173,1724,98,6,556.50
1174,1003,184,1,113.71
1175,1789,99,3,330.72
1176,967,26,3,314.67
1177,739,437,8,152.88
1178,773,175,4,43.52
1179,430,67,9,472.95
1180,1089,271,2,224.48
1181,9,50,8,415.60
1182,940,452,7,205.17
1183,1352,198,9,691.92
1184,288,287,6,316.20
1185,978,62,10,578.30
1186,1343,466,7,190.19
1187,91,337,9,469.80
1188,147,362,6,465.24
1189,1440,275,9,617.94
1190,757,482,10,1181.50
1191,1507,482,5,590.75
1192,1035,479,9,805.41
1193,1654,88,2,16.22
1194,757,202,5,337.15
1195,147,7,3,312.33
1196,665,251,9,869.67
1197,137,144,8,452.64
1198,489,48,6,59.70
1199,1886,318,8,547.76
1200,1055,476,9,510.39
1201,1943,181,9,754.02
1202,830,222,7,720.72
1203,856,92,8,594.72
1204,258,393,7,62.86
1205,1642,120,5,336.65
1206,402,441,8,147.36
1207,1892,423,2,233.86
1208,954,515,1,92.85
1209,1580,123,2,68.76
1210,955,93,8,615.52
1211,697,437,5,95.55
1212,311,17,8,877.92
1213,987,432,2,196.52
1214,1342,179,5,450.30
1215,829,53,5,181.95
1216,1312,516,10,1110.80
1217,1772,28,5,193.70
1218,608,52,1,55.63
1219,1296,72,5,206.65
1220,484,98,10,927.50
1221,1970,40,3,356.91
1222,204,425,1,38.45
1223,1428,175,4,43.52
1224,975,78,6,500.58
1225,1541,84,5,175.65
1226,1388,69,6,58.86
1227,37,225,9,249.12
1228,1056,215,4,459.72
1229,665,45,7,790.51
1230,661,459,7,303.38
1231,1980,458,3,77.49
1232,1076,133,7,301.28
1233,1588,254,10,83.00
1234,1751,413,3,299.31
1235,955,345,1,97.64
1236,859,24,6,634.14
1237,1616,136,2,104.74
1238,1180,433,4,157.92
1239,255,364,7,638.47
1240,1085,407,4,398.96
1241,693,186,10,263.70
1243,1443,154,8,514.08
1244,1606,126,3,208.05
1245,1842,403,7,778.33
1246,409,3,2,155.32
1247,599,457,10,609.10
1248,102,141,10,955.10
1249,71,291,1,86.18
1250,586,302,10,776.10
1251,1341,278,7,468.44
1252,1610,41,6,662.28
1253,911,289,5,531.65
1254,367,289,2,212.66
1255,1125,421,6,42.06
1256,1468,204,9,540.99
1257,1857,18,5,324.70
1258,1819,359,5,438.25
1259,1448,340,10,313.70
1260,654,378,4,68.00
1261,418,274,5,56.45
1262,384,123,8,275.04
1263,1895,369,3,300.75
1264,1701,361,5,461.40
1265,1795,339,3,338.01
1266,650,43,8,810.64
1267,54,425,2,76.90
1268,1896,288,9,516.69
1269,202,284,6,114.60
1270,601,309,10,427.50
1271,1058,374,9,909.27
1272,825,483,10,867.10
1273,1539,382,10,1046.80
1274,479,208,5,307.15
1275,447,239,9,390.87
1276,1527,184,7,795.97
1277,1650,341,4,267.36
1278,521,203,7,159.60
1279,1139,518,8,168.00
1280,1131,52,9,500.67
1281,1298,1,6,324.48
1282,1415,124,1,111.09
1283,1445,130,1,42.22
1284,1449,272,6,384.30
1285,184,418,8,508.40
1286,153,28,1,38.74
1287,627,395,10,485.20
1288,1983,135,1,43.73
1289,1408,136,7,366.59
1290,672,110,2,64.36
1291,154,172,10,363.40
1292,1842,83,8,234.32
1293,32,267,6,262.92
1294,1424,358,6,156.60
1296,84,293,5,315.15
1297,54,214,8,560.32
1298,581,507,7,701.19
1299,940,94,1,85.60
1300,919,461,3,280.77
1301,1842,46,7,716.59
1302,1580,460,1,109.99
1303,1253,423,2,233.86
1304,1657,27,2,14.42
1305,1738,457,3,182.73
1306,690,104,6,544.86
1307,1070,374,2,202.06
1308,1131,108,1,48.85
1309,997,238,3,172.23
1311,1216,214,6,420.24
1312,392,425,8,307.60
1313,724,146,9,524.79
1314,1317,126,3,208.05
1315,1929,452,1,29.31
1316,332,42,6,380.16
1317,810,295,4,52.36
1318,699,219,4,74.76
1319,448,135,5,218.65
1320,1706,118,9,723.24
1321,653,420,3,346.11
1322,1833,351,9,130.41
1323,1718,262,9,715.14
1325,763,15,6,640.50
1326,1244,239,9,390.87
1327,1543,247,4,274.76
1328,936,500,8,660.24
1329,158,205,2,176.04
1330,1808,11,6,271.98
1331,1978,3,1,77.66
1332,1487,3,6,465.96
1333,999,150,9,621.36
1334,1688,473,10,866.90
1335,178,327,1,28.50
1336,299,418,8,508.40
1337,1762,464,3,63.36
1338,457,3,6,465.96
1339,1216,515,2,185.70
1340,1667,60,3,29.88
1341,121,183,8,486.48
1342,1402,233,6,172.14
1343,1938,128,9,586.08
1344,1360,60,3,29.88
1345,90,295,7,91.63
1346,772,254,9,74.70
1347,1891,420,7,807.59
1348,48,491,9,476.64
1349,33,11,3,135.99
1350,1077,142,10,780.60
1351,17,207,6,488.10
1352,552,69,3,29.43
1353,1192,416,4,475.92
1354,316,305,10,1143.60
1355,1682,442,2,148.28
1356,211,478,8,99.28
1357,1256,420,10,1153.70
1358,554,112,2,201.28
1359,1657,160,3,67.08
1360,919,96,6,420.66
1361,915,443,8,636.88
1362,1369,405,4,305.16
1363,611,371,5,126.55
1364,1668,433,2,78.96
1365,1374,434,6,104.04
1366,731,287,5,263.50
1367,1522,446,2,199.52
1368,1699,348,1,100.06
1369,138,299,6,137.64
1370,457,422,4,409.36
1371,1420,487,6,419.70
1372,58,294,9,740.52
1373,1964,147,4,116.16
1374,1732,135,8,349.84
1375,1306,153,7,195.51
1376,314,279,3,69.27
1377,52,58,3,137.94
1378,1287,55,10,216.80
1379,641,11,1,45.33
1380,49,28,4,154.96
1381,792,329,8,380.88
1382,924,421,5,35.05
1383,812,104,3,272.43
1384,1619,438,2,145.24
1385,1231,196,7,342.30
1386,1904,83,7,205.03
1387,1337,101,1,70.76
1388,180,73,2,51.40
1389,29,56,8,578.08
1390,1250,249,10,795.70
1391,515,205,6,528.12
1392,334,243,5,148.70
1393,831,210,5,239.80
1394,341,361,2,184.56
1395,894,129,9,756.00
1396,695,442,1,74.14
1397,1987,128,10,651.20
1398,1263,79,3,339.03
1399,1414,468,6,629.52
1400,1003,68,6,596.46
1401,978,92,1,74.34
1402,4,167,8,342.16
1403,136,88,8,64.88
1404,1883,505,2,211.64
1405,391,261,9,245.34
1406,574,356,10,643.60
1407,1715,292,7,624.75
1408,1002,250,5,519.10
1409,777,325,2,32.32
1410,2005,49,1,107.44
1411,331,521,9,135.81
1412,1475,376,2,154.26
1413,1206,224,1,80.53
1414,711,32,8,844.56
1415,68,168,7,415.59
1416,1350,196,5,244.50
1417,1106,389,2,39.36
1418,532,336,3,249.42
1419,494,473,3,260.07
1420,261,403,1,111.19
1421,1666,133,1,43.04
1422,1957,469,5,591.80
1423,170,338,6,637.56
1424,79,415,2,156.90
1425,1683,337,7,365.40
1426,1634,455,9,1028.25
1427,297,322,5,542.50
1428,64,375,7,682.78
1429,1245,92,8,594.72
1430,444,313,4,423.92
1431,1452,315,1,102.42
1432,281,230,5,569.00
1433,236,309,7,299.25
1434,1479,27,5,36.05
1435,1403,495,4,97.52
1436,1706,480,5,278.15
1437,390,372,10,1072.30
1438,508,221,1,119.00
1439,733,274,2,22.58
1440,55,302,1,77.61
1441,417,419,4,173.52
1442,1966,29,2,42.02
1443,479,310,7,450.73
1444,879,91,10,568.20
1445,168,141,4,382.04
1446,596,490,8,382.88
1447,236,269,8,246.40
1448,256,40,4,475.88
1449,200,202,2,134.86
1450,1871,170,10,1182.60
1451,445,315,10,1024.20
1452,125,80,2,174.90
1453,348,101,8,566.08
1454,503,92,9,669.06
1455,853,268,8,89.68
1456,1670,82,5,421.15
1457,1069,66,5,364.20
1458,1586,74,3,279.27
1459,564,507,10,1001.70
1460,1921,53,9,327.51
1461,635,281,5,311.70
1462,1511,102,6,243.36
1463,235,229,7,463.26
1464,1335,169,7,746.20
1465,282,267,9,394.38
1466,1492,61,2,59.44
1467,857,471,2,189.62
1468,510,462,6,609.30
1469,17,383,7,437.64
1470,1098,161,6,354.48
1471,1539,77,10,1084.90
1472,276,320,8,852.88
1473,1364,125,3,316.92
1474,590,365,9,958.95
1475,1270,509,2,148.44
1476,1364,298,5,490.25
1477,377,81,6,477.96
1478,195,415,2,156.90
1479,349,488,9,116.91
1480,1645,129,9,756.00
1481,1117,249,9,716.13
1482,362,469,5,591.80
1483,1340,315,9,921.78
1484,1467,442,4,296.56
1485,387,440,7,292.88
1486,713,256,5,53.65
1487,789,424,3,127.59
1488,624,39,8,937.76
1489,871,514,5,306.40
1490,787,442,8,593.12
1491,434,19,4,136.08
1492,1433,355,1,85.49
1493,1642,273,9,904.14
1494,521,4,9,399.69
1495,1631,448,6,317.70
1496,25,86,3,320.88
1497,1505,74,3,279.27
1498,627,257,1,102.26
1499,201,28,10,387.40
1500,1640,372,9,965.07
1501,686,166,10,324.40
1502,1593,209,2,191.32
1503,1816,201,5,496.15
1504,460,322,8,868.00
1505,1608,297,10,828.90
1506,211,381,4,75.16
1507,1737,516,4,444.32
1508,1215,335,3,289.08
1509,996,264,9,591.30
1510,1405,14,4,465.32
1511,1362,237,6,260.40
1512,1682,255,9,744.48
1513,507,176,1,76.92
1514,895,295,4,52.36
1515,1046,183,10,608.10
1516,462,444,10,272.70
1518,1205,202,1,67.43
1519,1292,204,8,480.88
1520,166,81,3,238.98
1521,480,313,3,317.94
1522,395,75,8,519.36
1523,1794,160,9,201.24
1524,1873,455,7,799.75
1525,1895,290,7,468.37
1526,1197,70,5,369.85
1527,194,73,1,25.70
1528,350,343,10,1103.10
1529,107,409,2,34.32
1530,1715,258,8,659.76
1531,880,504,2,181.22
1532,337,382,7,732.76
1533,1206,496,5,450.90
1534,1475,64,4,170.68
1535,1273,450,7,603.47
1536,1692,126,5,346.75
1537,1567,380,9,345.24
1538,1785,491,7,370.72
1539,1289,254,5,41.50
1540,933,263,1,61.03
1541,675,268,9,100.89
1542,618,247,10,686.90
1543,40,184,2,227.42
1544,1513,374,9,909.27
1545,984,133,10,430.40
1546,396,433,7,276.36
1547,1026,398,3,326.97
1548,1982,345,7,683.48
1549,17,475,2,232.36
1550,755,361,4,369.12
1551,1922,159,4,69.36
1552,1492,443,6,477.66
1553,1661,16,4,149.52
1554,1219,12,5,385.80
1555,686,488,4,51.96
1556,1483,41,5,551.90
1557,705,513,4,212.80
1558,1295,86,8,855.68
1559,1645,377,7,639.45
1560,495,300,9,803.16
1561,1305,341,7,467.88
1562,1109,414,7,185.08
1563,1781,264,5,328.50
1564,927,262,8,635.68
1565,1365,152,8,416.16
1566,1996,198,10,768.80
1567,1662,500,3,247.59
1568,607,162,2,83.92
1569,112,361,9,830.52
1570,874,272,6,384.30
1571,1509,412,10,1116.50
1572,1915,137,6,603.36
1573,326,283,7,744.03
1574,950,379,6,653.88
1575,1350,458,1,25.83
1576,1114,495,4,97.52
1577,1568,467,9,748.17
1578,1218,474,1,87.39
1579,1684,374,7,707.21
1580,317,140,3,199.65
1581,1906,45,8,903.44
1582,1406,365,7,745.85
1583,462,434,8,138.72
1584,1152,263,2,122.06
1585,952,45,6,677.58
1586,815,69,10,98.10
1587,788,145,1,41.35
1588,1976,429,1,79.00
1589,53,385,10,1000.10
1590,984,297,1,82.89
1591,1912,340,10,313.70
1592,1133,509,5,371.10
1593,1569,176,1,76.92
1594,1764,354,6,277.32
1595,853,396,8,254.56
1596,1345,376,4,308.52
1597,1657,499,9,841.05
1598,1968,388,8,68.24
1599,1550,341,3,200.52
1600,1637,305,9,1029.24
1601,1902,516,4,444.32
1602,222,456,10,546.30
1603,717,165,10,684.50
1604,1147,122,8,403.28
1605,1441,47,6,215.34
1606,599,3,7,543.62
1607,504,96,6,420.66
1608,1717,367,3,28.23
1609,591,278,4,267.68
1610,1361,93,4,307.76
1611,1379,406,2,195.26
1612,1249,513,2,106.40
1613,729,299,6,137.64
1614,947,302,4,310.44
1615,334,172,1,36.34
1616,384,460,7,769.93
1617,334,475,1,116.18
1618,188,476,10,567.10
1619,1195,405,6,457.74
1620,233,355,6,512.94
1621,766,228,10,477.30
1622,291,112,9,905.76
1623,367,324,10,246.10
1624,433,170,2,236.52
1625,1620,290,4,267.64
1626,1178,338,10,1062.60
1627,625,388,3,25.59
1628,571,258,3,247.41
1629,984,519,3,77.16
1630,1140,5,9,269.01
1631,520,443,8,636.88
1632,986,432,10,982.60
1633,919,54,2,171.14
1634,722,25,5,564.90
1635,514,11,7,317.31
1636,1949,105,9,379.62
1637,457,217,3,23.22
1638,1396,20,1,98.43
1639,1053,9,8,174.96
1640,1197,341,5,334.20
1641,904,416,3,356.94
1642,743,318,6,410.82
1643,1409,248,3,82.05
1644,1415,390,10,846.60
1645,1134,32,7,738.99
1646,1909,177,5,557.00
1647,742,55,2,43.36
1648,1502,386,1,59.24
1649,677,404,5,55.30
1650,873,482,7,827.05
1651,669,504,10,906.10
1652,1373,60,5,49.80
1653,1787,243,3,89.22
1654,252,470,2,87.84
1655,113,470,5,219.60
1656,475,387,3,57.90
1657,881,191,7,661.15
1658,850,170,1,118.26
1659,712,49,1,107.44
1660,1803,332,6,260.76
1661,1864,430,8,184.00
1662,1357,432,8,786.08
1664,623,292,1,89.25
1665,378,271,3,336.72
1666,1205,503,1,69.55
1667,1745,461,9,842.31
1668,1253,294,3,246.84
1669,1122,490,1,47.86
1670,200,240,9,1049.85
1671,663,132,4,398.56
1672,715,483,9,780.39
1673,1148,68,4,397.64
1674,1705,5,7,209.23
1675,316,39,3,351.66
1676,647,154,6,385.56
1677,976,482,8,945.20
1678,1836,73,7,179.90
1679,268,115,10,692.00
1680,1998,463,7,411.88
1681,1317,227,9,1073.88
1682,38,263,8,488.24
1683,1369,179,4,360.24
1684,315,90,4,288.12
1685,754,382,6,628.08
1686,1987,511,10,611.60
1687,813,181,8,670.24
1688,720,67,9,472.95
1689,548,426,6,380.28
1690,1177,165,7,479.15
1691,447,426,1,63.38
1692,1416,404,2,22.12
1693,156,252,7,357.98
1694,338,344,10,1169.40
1695,917,79,1,113.01
1696,845,478,7,86.87
1697,1731,517,2,206.42
1698,1208,246,4,91.16
1699,387,295,10,130.90
1700,124,278,5,334.60
1701,241,443,6,477.66
1702,621,373,6,205.20
1703,1403,379,9,980.82
1704,1484,375,10,975.40
1705,861,226,10,782.90
1706,1607,274,8,90.32
1707,1659,441,5,92.10
1708,623,256,8,85.84
1709,332,116,8,632.08
1710,1801,170,5,591.30
1711,1343,264,4,262.80
1712,1409,93,2,153.88
1713,170,36,6,96.48
1714,408,431,4,244.72
1715,1889,143,9,501.57
1716,1628,220,1,60.20
1717,1987,287,2,105.40
1718,277,20,6,590.58
1719,951,48,7,69.65
1720,1243,75,2,129.84
1721,915,222,4,411.84
1722,348,346,2,208.44
1723,273,464,5,105.60
1724,1066,140,9,598.95
1725,608,453,7,305.83
1726,784,444,7,190.89
1727,910,332,5,217.30
1728,1886,445,9,251.19
1729,1293,454,2,118.40
1730,349,257,4,409.04
1731,405,232,9,1048.59
1732,1645,441,4,73.68
1733,94,490,2,95.72
1734,1078,355,4,341.96
1735,22,432,1,98.26
1736,1550,162,2,83.92
1737,960,72,10,413.30
1738,1438,392,8,480.72
1739,1278,499,9,841.05
1740,539,454,2,118.40
1741,1795,42,2,126.72
1742,596,159,7,121.38
1743,1484,394,2,231.30
1744,1578,58,3,137.94
1745,1390,427,2,71.54
1746,556,51,10,666.80
1747,993,304,3,333.87
1748,1142,268,8,89.68
1749,986,199,9,180.27
1750,216,123,6,206.28
1751,1803,477,6,293.46
1752,1522,257,7,715.82
1753,1965,214,5,350.20
1754,1659,174,9,314.28
1755,1377,355,1,85.49
1756,1247,426,10,633.80
1757,959,414,4,105.76
1758,1895,201,10,992.30
1759,77,93,9,692.46
1760,657,477,5,244.55
1761,1793,144,6,339.48
1762,203,158,8,768.56
1763,58,283,2,212.58
1764,46,418,9,571.95
1765,114,189,6,218.16
1766,1434,355,4,341.96
1767,665,127,3,112.20
1768,190,116,7,553.07
1769,1338,163,2,200.92
1770,1511,10,1,8.10
1771,581,245,3,219.45
1772,1358,109,7,436.24
1773,135,381,2,37.58
1774,1581,131,7,760.97
1775,1185,151,1,66.32
1776,1615,184,4,454.84
1777,936,261,10,272.60
1778,1613,115,6,415.20
1779,1305,135,8,349.84
1780,1472,310,6,386.34
1781,1939,103,8,117.20
1782,1186,460,2,219.98
1783,1345,101,6,424.56
1784,895,331,8,568.40
1785,1447,76,7,442.68
1786,1890,501,8,886.24
1787,1271,377,1,91.35
1788,390,128,2,130.24
1789,1318,14,9,1046.97
1790,1790,264,8,525.60
1791,1889,150,6,414.24
1792,278,355,3,256.47
1793,392,204,5,300.55
1794,358,489,10,1190.20
1795,269,93,8,615.52
1796,1295,413,2,199.54
1797,1816,463,3,176.52
1798,1703,169,10,1066.00
1799,760,371,7,177.17
1800,433,393,5,44.90
1801,1286,519,7,180.04
1802,24,136,7,366.59
1803,1900,213,2,158.16
1804,135,100,2,114.84
1805,173,225,10,276.80
1806,1907,318,6,410.82
1807,2012,158,3,288.21
1808,138,424,9,382.77
1809,1911,58,1,45.98
1810,767,263,3,183.09
1811,116,502,10,1184.60
1812,212,278,7,468.44
1813,962,104,7,635.67
1814,882,221,8,952.00
1815,1861,358,5,130.50
1816,1288,209,4,382.64
1817,1516,120,3,201.99
1818,1223,139,9,1014.39
1819,1767,381,9,169.11
1820,1008,431,10,611.80
1821,655,279,5,115.45
1822,1662,409,2,34.32
1823,1342,268,2,22.42
1824,571,163,1,100.46
1825,1163,430,1,23.00
1826,1653,140,3,199.65
1827,1155,305,8,914.88
1828,1254,254,3,24.90
1829,1927,114,4,60.96
1830,1503,430,9,207.00
1831,1034,470,2,87.84
1832,1447,22,8,376.32
1833,1216,114,1,15.24
1834,1004,430,1,23.00
1835,989,476,3,170.13
1836,1215,411,2,218.02
1837,1859,14,10,1163.30
1838,449,409,7,120.12
1839,890,372,3,321.69
1840,1045,64,8,341.36
1841,899,241,6,373.32
1842,1250,243,2,59.48
1843,435,425,6,230.70
1844,491,484,8,218.08
1845,373,300,2,178.48
1846,675,219,6,112.14
1847,1641,28,2,77.48
1848,1468,304,2,222.58
1849,1692,147,3,87.12
1850,593,177,7,779.80
1851,146,14,9,1046.97
1852,1469,282,3,301.65
1853,1132,423,8,935.44
1854,322,178,10,299.90
1855,531,128,2,130.24
1856,1485,319,5,437.70
1857,1277,344,2,233.88
1858,123,79,10,1130.10
1859,1135,454,3,177.60
1860,1873,306,10,243.50
1861,245,335,9,867.24
1862,313,301,4,333.64
1863,1316,67,10,525.50
1864,690,241,4,248.88
1865,359,423,1,116.93
1866,1052,459,1,43.34
1867,798,122,5,252.05
1868,278,469,1,118.36
1869,1515,188,4,216.40
1870,1751,263,8,488.24
1871,350,142,9,702.54
1872,1752,481,1,92.21
1873,1652,218,6,300.42
1874,1038,399,10,863.90
1875,858,119,7,119.21
1876,98,412,10,1116.50
1877,493,404,2,22.12
1878,604,70,9,665.73
1879,1881,87,1,104.08
1880,1781,401,3,40.50
1881,1997,3,3,232.98
1882,2008,20,2,196.86
1883,1904,155,5,237.80
1884,537,446,10,997.60
1885,1449,443,9,716.49
1886,140,267,4,175.28
1887,410,388,9,76.77
1888,1978,249,6,477.42
1889,2009,338,4,425.04
1890,1716,238,5,287.05
1891,1330,419,5,216.90
1892,1101,249,9,716.13
1893,153,30,1,51.40
1894,1293,280,6,326.16
1895,1171,226,9,704.61
1896,1495,78,9,750.87
1897,1099,194,2,190.44
1898,954,333,3,260.91
1899,1561,520,9,678.69
1900,151,271,2,224.48
1901,237,285,8,661.76
1902,126,108,1,48.85
1903,791,111,3,263.34
1904,92,24,9,951.21
1905,236,49,9,966.96
1906,1678,19,4,136.08
1907,358,430,3,69.00
1908,1978,477,3,146.73
1909,1414,105,8,337.44
1910,1192,500,10,825.30
1911,1775,188,9,486.90
1912,1083,442,10,741.40
1913,1513,129,5,420.00
1914,1187,504,5,453.05
1915,337,517,10,1032.10
1916,1256,286,4,479.28
1917,1382,466,4,108.68
1918,267,255,2,165.44
1919,1346,124,10,1110.90
1920,394,102,10,405.60
1921,41,24,1,105.69
1922,652,183,3,182.43
1923,1859,234,5,560.90
1924,756,185,9,857.79
1925,1399,41,1,110.38
1926,234,427,7,250.39
1927,1883,258,2,164.94
1928,665,269,1,30.80
1929,204,330,5,492.45
1930,1640,13,10,720.50
1931,789,231,6,527.04
1932,575,69,10,98.10
1933,768,373,10,342.00
1934,901,76,4,252.96
1935,102,432,7,687.82
1936,1393,303,3,294.51
1937,1891,15,6,640.50
1938,413,361,6,553.68
1939,950,63,8,594.32
1940,1524,453,3,131.07
1941,1221,350,10,137.90
1942,139,67,1,52.55
1943,1132,115,7,484.40
1944,62,294,5,411.40
1945,1927,142,4,312.24
1946,1308,343,2,220.62
1947,654,255,6,496.32
1948,902,438,8,580.96
1949,1762,28,2,77.48
1950,1090,105,4,168.72
1951,218,306,9,219.15
1952,609,361,2,184.56
1953,1326,58,4,183.92
1954,1092,505,2,211.64
1955,1524,271,2,224.48
1956,868,325,8,129.28
1957,1868,424,10,425.30
1958,22,374,2,202.06
1959,727,196,3,146.70
1960,1492,518,7,147.00
1961,1183,329,2,95.22
1962,1070,368,3,196.80
1963,886,237,7,303.80
1964,1715,114,4,60.96
1965,1596,126,8,554.80
1966,1083,197,2,116.70
1967,167,191,10,944.50
1968,394,241,9,559.98
1969,1270,315,3,307.26
1970,1146,239,8,347.44
1971,738,275,2,137.32
1972,119,67,1,52.55
1973,1110,48,7,69.65
1974,615,399,4,345.56
1975,374,451,7,380.17
1976,640,111,6,526.68
1977,1278,100,8,459.36
1978,190,375,9,877.86
1979,820,446,4,399.04
1980,813,130,9,379.98
1981,158,417,7,111.86
1983,649,371,1,25.31
1984,385,427,1,35.77
1985,469,50,7,363.65
1986,856,122,10,504.10
1987,801,484,3,81.78
1988,412,24,6,634.14
1989,878,77,2,216.98
1990,464,65,4,444.52
1991,1682,77,2,216.98
1992,1462,77,2,216.98
1993,999,36,9,144.72
1994,157,382,6,628.08
1995,932,93,8,615.52
1996,881,157,1,71.44
1997,685,464,6,126.72
1998,1311,135,6,262.38
1999,1517,460,2,219.98
2000,144,473,8,693.52
2001,857,53,7,254.73
2002,1075,165,3,205.35
2003,1961,415,4,313.80
2004,701,10,9,72.90
2005,2009,283,4,425.16
2006,1034,52,7,389.41
2007,617,361,10,922.80
2008,1280,183,7,425.67
2009,521,240,5,583.25
2010,1536,389,9,177.12
2011,1982,345,10,976.40
2012,1431,183,8,486.48
2013,1953,217,10,77.40
2014,1782,102,6,243.36
2015,393,211,7,399.84
2016,614,346,6,625.32
2017,1833,202,2,134.86
2018,895,199,4,80.12
2019,1624,429,1,79.00
2020,86,409,10,171.60
2021,327,226,2,156.58
2022,892,115,8,553.60
2023,253,335,2,192.72
2024,1902,331,6,426.30
2025,776,60,1,9.96
2026,47,484,4,109.04
2027,1086,157,6,428.64
2028,1480,49,5,537.20
2029,1062,507,3,300.51
2030,1613,239,7,304.01
2031,1126,255,1,82.72
2032,107,435,3,54.66
2033,911,345,3,292.92
2034,687,417,5,79.90
2035,1189,242,7,296.80
2036,1635,508,8,254.88
2037,212,266,6,604.08
2038,491,404,6,66.36
2039,311,86,6,641.76
2040,224,216,2,82.16
2041,1713,384,4,443.20
2042,1216,185,8,762.48
2043,673,31,9,1020.15
2044,348,518,10,210.00
2045,319,151,3,198.96
2046,1118,293,1,63.03
2047,1602,145,5,206.75
2048,66,511,10,611.60
2049,209,93,4,307.76
2050,1873,129,4,336.00
2051,1388,41,7,772.66
2052,255,318,4,273.88
2053,894,419,10,433.80
2054,1610,402,6,623.76
2055,1255,200,3,250.89
2056,1661,211,9,514.08
2057,650,89,9,158.22
2058,110,151,9,596.88
2059,1947,198,2,153.76
2060,106,58,6,275.88
2061,35,506,9,300.42
2062,1073,57,9,1073.61
2063,834,152,4,208.08
2064,567,261,8,218.08
2065,679,15,6,640.50
2066,1182,139,3,338.13
2067,80,341,2,133.68
2068,1055,419,4,173.52
2069,314,240,8,933.20
2070,680,271,6,673.44
2071,289,419,1,43.38
2072,126,182,1,26.65
2073,169,407,10,997.40
2074,1960,239,8,347.44
2075,1164,61,4,118.88
2076,907,118,1,80.36
2077,1131,374,1,101.03
2078,1633,519,6,154.32
2079,1869,34,9,93.15
2080,714,243,4,118.96
2081,1360,103,3,43.95
2082,1340,362,4,310.16
2083,1085,388,2,17.06
2084,949,337,5,261.00
2085,921,354,5,231.10
2086,1848,509,3,222.66
2087,148,346,1,104.22
2088,1099,499,5,467.25
2089,228,509,7,519.54
2090,1507,360,10,409.40
2091,1789,171,4,67.12
2092,1367,514,7,428.96
2093,1491,308,8,494.64
2094,500,16,3,112.14
2095,1184,71,6,362.76
2096,1279,344,7,818.58
2097,95,491,9,476.64
2098,1048,186,1,26.37
2099,352,282,7,703.85
2100,1887,168,8,474.96
2101,367,143,2,111.46
2102,14,36,1,16.08
2103,1888,399,5,431.95
2104,964,520,10,754.10
2105,442,321,2,105.94
2106,163,55,5,108.40
2107,204,53,3,109.17
2108,1837,273,9,904.14
2109,338,410,5,86.20
2110,1500,330,9,886.41
2111,1997,473,3,260.07
2112,1016,40,8,951.76
2113,1952,292,2,178.50
2114,1456,292,4,357.00
2115,1852,411,1,109.01
2116,1179,303,5,490.85
2117,1665,408,8,472.64
2118,1244,50,2,103.90
2119,550,362,7,542.78
2120,708,500,9,742.77
2121,527,383,4,250.08
2122,466,205,4,352.08
2123,1413,261,2,54.52
2124,1554,148,3,243.48
2125,1562,456,9,491.67
2126,1634,42,8,506.88
2127,68,316,3,195.30
2128,1330,270,8,296.80
2129,873,291,3,258.54
2130,1122,29,4,84.04
2131,1876,212,4,274.28
2132,976,86,5,534.80
2133,715,196,3,146.70
2134,1063,407,10,997.40
2135,165,364,7,638.47
2136,1340,257,7,715.82
2137,87,444,9,245.43
2138,1118,190,3,76.20
2139,522,131,4,434.84
2140,327,356,10,643.60
2141,710,314,9,212.58
2142,1457,324,5,123.05
2143,837,131,9,978.39
2144,427,459,10,433.40
2145,1567,29,2,42.02
2146,734,407,5,498.70
2147,989,335,1,96.36
2148,1470,439,8,116.40
2149,1017,439,10,145.50
2150,683,175,7,76.16
2151,1848,122,3,151.23
2152,780,237,9,390.60
2153,732,57,3,357.87
2154,1549,450,5,431.05
2155,1060,301,8,667.28
2156,444,112,1,100.64
2157,501,438,5,363.10
2158,1486,317,6,566.76
2159,816,291,9,775.62
2160,93,36,7,112.56
2161,387,182,3,79.95
2162,1768,153,9,251.37
2163,745,441,10,184.20
2164,189,88,4,32.44
2165,1487,511,7,428.12
2166,1920,69,4,39.24
2167,116,304,10,1112.90
2168,661,349,6,520.44
2169,1715,56,5,361.30
2170,1901,152,4,208.08
2171,1630,307,7,161.56
2172,1423,185,1,95.31
2173,1010,95,7,736.68
2174,1198,59,1,86.84
2175,1651,117,2,65.08
2176,444,366,10,438.00
2177,1754,520,2,150.82
2178,1200,433,9,355.32
2179,1149,462,5,507.75
2180,1,44,5,449.65
2181,1143,395,7,339.64
2182,832,37,5,339.75
2183,1821,432,5,491.30
2184,1884,475,9,1045.62
2185,524,258,8,659.76
2186,519,394,2,231.30
2187,1207,47,6,215.34
2188,686,2,1,81.09
2189,178,468,2,209.84
2190,1703,513,10,532.00
2191,1488,218,1,50.07
2192,1177,483,1,86.71
2193,1734,16,2,74.76
2194,1422,65,10,1111.30
2195,717,285,2,165.44
2196,181,317,9,850.14
2197,641,413,3,299.31
2198,826,433,4,157.92
2199,1106,471,1,94.81
2200,1381,352,7,185.15
2201,446,480,10,556.30
2202,538,411,1,109.01
2203,1546,237,3,130.20
2204,1591,147,9,261.36
2205,1463,240,10,1166.50
2206,1764,355,6,512.94
2207,1906,231,6,527.04
2208,1440,14,3,348.99
2209,330,387,5,96.50
2210,1971,152,6,312.12
2211,1341,239,4,173.72
2212,1384,141,6,573.06
2213,1926,306,8,194.80
2214,1797,225,5,138.40
2215,568,246,3,68.37
2216,1402,499,10,934.50
2217,1183,376,7,539.91
2218,1351,19,6,204.12
2220,434,109,7,436.24
2221,859,163,7,703.22
2222,1631,187,1,63.45
2223,637,157,8,571.52
2224,482,102,8,324.48
2225,1824,512,5,107.55
2226,1145,472,1,63.58
2227,765,469,7,828.52
2228,1391,291,2,172.36
2229,1119,243,2,59.48
2230,232,79,7,791.07
2231,1177,80,6,524.70
2232,391,169,9,959.40
2233,7,457,2,121.82
2234,273,291,5,430.90
2235,275,263,3,183.09
2236,862,415,8,627.60
2237,67,289,3,318.99
2238,1330,67,2,105.10
2239,50,342,4,37.96
2240,455,318,6,410.82
2241,585,480,7,389.41
2242,699,269,10,308.00
2243,663,419,10,433.80
2244,2005,316,8,520.80
2245,1328,11,2,90.66
2246,919,349,5,433.70
2247,1834,500,5,412.65
2248,1393,142,10,780.60
2249,1816,98,4,371.00
2251,117,265,6,710.16
2252,167,40,3,356.91
2253,1009,376,9,694.17
2254,1099,460,3,329.97
2255,808,456,8,437.04
2256,1464,98,5,463.75
2257,1846,55,3,65.04
2258,1763,393,2,17.96
2259,104,34,7,72.45
2260,704,117,1,32.54
2261,89,390,7,592.62
2262,14,391,9,809.64
2263,1236,50,7,363.65
2264,1152,150,5,345.20
2265,1925,25,10,1129.80
2266,535,133,3,129.12
2267,587,200,8,669.04
2268,888,235,8,372.96
2269,1181,474,6,524.34
2270,1277,288,3,172.23
2271,1364,180,5,49.10
2272,1379,112,3,301.92
2273,347,79,4,452.04
2274,1967,391,5,449.80
2275,315,234,5,560.90
2276,118,451,7,380.17
2277,665,106,8,452.88
2278,239,203,6,136.80
2279,1738,2,8,648.72
2280,535,284,10,191.00
2281,1244,445,6,167.46
2282,190,258,6,494.82
2283,298,10,2,16.20
2284,1573,475,1,116.18
2285,1055,370,3,199.20
2286,342,496,8,721.44
2287,886,124,2,222.18
2288,363,59,8,694.72
2289,8,194,10,952.20
2290,1833,262,2,158.92
2291,1932,345,1,97.64
2292,87,488,7,90.93
2293,1324,18,10,649.40
2294,610,307,5,115.40
2295,441,236,9,904.50
2296,1324,389,9,177.12
2297,212,36,9,144.72
2298,576,275,2,137.32
2299,1166,11,6,271.98
2300,68,387,5,96.50
2301,1932,416,7,832.86
2302,404,508,5,159.30
2303,430,299,9,206.46
2304,1768,247,4,274.76
2305,867,305,1,114.36
2306,848,237,6,260.40
2307,537,479,2,178.98
2308,1757,315,3,307.26
2309,576,161,1,59.08
2310,2004,131,3,326.13
2311,1396,421,7,49.07
2312,730,421,8,56.08
2313,468,162,2,83.92
2314,1515,236,9,904.50
2315,1559,343,8,882.48
2316,1646,153,1,27.93
2317,403,223,8,575.76
2318,785,445,5,139.55
2319,730,189,8,290.88
2320,1638,435,3,54.66
2321,467,133,4,172.16
2322,477,138,4,470.64
2323,1925,127,3,112.20
2324,1092,111,2,175.56
2325,1882,294,4,329.12
2326,1430,397,5,148.05
2327,737,122,6,302.46
2328,391,19,9,306.18
2329,116,64,1,42.67
2330,326,241,3,186.66
2331,1091,434,1,17.34
2332,176,390,6,507.96
2333,532,454,9,532.80
2334,712,488,8,103.92
2335,779,226,1,78.29
2336,259,196,2,97.80
2337,1303,235,7,326.34
2338,913,116,2,158.02
2339,1929,340,8,250.96
2340,950,19,4,136.08
2341,1233,436,9,878.76
2342,1400,324,9,221.49
2343,90,215,1,114.93
2344,294,28,5,193.70
2345,967,31,5,566.75
2346,367,11,1,45.33
2347,1579,77,1,108.49
2348,1225,139,1,112.71
2349,1719,262,10,794.60
2350,875,39,4,468.88
2351,474,409,5,85.80
2352,1015,350,10,137.90
2353,1928,168,2,118.74
2354,70,149,2,56.86
2355,440,90,2,144.06
2356,263,200,6,501.78
2357,1699,101,1,70.76
2358,526,131,10,1087.10
2359,263,368,3,196.80
2360,1793,210,6,287.76
2361,1737,129,3,252.00
2362,1199,377,9,822.15
2363,952,360,3,122.82
2364,142,186,10,263.70
2365,376,326,10,688.10
2366,1439,377,8,730.80
2367,716,433,3,118.44
2368,1092,289,4,425.32
2369,953,40,1,118.97
2370,850,212,5,342.85
2371,1804,114,4,60.96
2372,1384,306,9,219.15
2373,290,466,10,271.70
2374,507,289,2,212.66
2375,986,24,6,634.14
2376,1241,330,2,196.98
2377,1816,324,6,147.66
2378,5,365,10,1065.50
2379,1300,489,7,833.14
2380,236,235,7,326.34
2381,1384,394,6,693.90
2382,1499,208,5,307.15
2383,432,436,10,976.40
2384,698,160,9,201.24
2385,1233,103,4,58.60
2386,796,211,7,399.84
2387,512,152,5,260.10
2388,685,381,9,169.11
2389,232,91,2,113.64
2390,15,234,9,1009.62
2391,579,63,5,371.45
2392,604,321,5,264.85
2393,864,301,3,250.23
2394,1920,245,2,146.30
2395,227,384,10,1108.00
2396,1137,194,8,761.76
2397,182,455,8,914.00
2398,991,486,3,70.74
2399,130,46,5,511.85
2400,1052,164,9,1040.22
2401,995,84,1,35.13
2402,453,44,2,179.86
2403,575,315,7,716.94
2404,1561,516,10,1110.80
2405,890,369,8,802.00
2406,686,249,8,636.56
2407,278,93,10,769.40
2408,147,345,1,97.64
2409,924,496,7,631.26
2410,679,491,6,317.76
2411,1979,437,5,95.55
2412,1416,367,10,94.10
2413,1091,107,6,314.04
2414,1410,471,1,94.81
2415,35,17,2,219.48
2416,1583,246,10,227.90
2417,102,72,2,82.66
2418,423,213,5,395.40
2419,1443,414,5,132.20
2420,402,439,3,43.65
2421,988,372,1,107.23
2422,906,12,6,462.96
2423,1264,501,6,664.68
2424,924,508,4,127.44
2425,288,502,8,947.68
2426,1700,17,1,109.74
2427,1295,491,6,317.76
2428,76,308,6,370.98
2429,489,506,1,33.38
2430,1348,483,7,606.97
2431,978,50,10,519.50
2432,435,236,1,100.50
2433,295,384,9,997.20
2434,1916,386,3,177.72
2435,1955,512,8,172.08
2436,412,222,1,102.96
2437,21,136,7,366.59
2438,1537,399,6,518.34
2439,1860,469,4,473.44
2440,516,294,6,493.68
2441,20,444,2,54.54
2442,773,390,2,169.32
2443,268,243,8,237.92
2444,346,60,3,29.88
2445,1014,180,4,39.28
2446,262,302,10,776.10
2447,1258,370,5,332.00
2448,772,155,4,190.24
2449,1040,521,4,60.36
2450,298,328,1,93.63
2451,1564,420,1,115.37
2452,1196,133,4,172.16
2453,1103,220,6,361.20
2454,1327,483,2,173.42
2455,1923,130,10,422.20
2456,258,421,6,42.06
2457,424,150,6,414.24
2458,890,189,3,109.08
2459,26,348,4,400.24
2460,1097,46,5,511.85
2461,27,119,6,102.18
2462,704,242,7,296.80
2463,880,424,4,170.12
2464,1189,90,8,576.24
2465,1654,240,2,233.30
2466,53,488,5,64.95
2467,210,448,8,423.60
2468,1981,433,9,355.32
2469,452,188,2,108.20
2470,441,486,10,235.80
2471,1606,136,7,366.59
2472,1527,155,3,142.68
2473,590,392,4,240.36
2474,1977,453,5,218.45
2475,1461,238,2,114.82
2476,327,109,1,62.32
2477,724,350,10,137.90
2478,1681,444,6,163.62
2479,578,39,1,117.22
2480,1641,64,7,298.69
2481,987,297,10,828.90
2482,180,102,2,81.12
2483,666,430,3,69.00
2484,716,199,8,160.24
2485,152,27,7,50.47
2486,810,132,9,896.76
2487,1718,118,1,80.36
2488,1779,139,7,788.97
2489,334,483,5,433.55
2490,567,182,2,53.30
2491,1252,375,2,195.08
2492,911,143,2,111.46
2493,291,171,6,100.68
2494,1344,383,4,250.08
2495,231,334,8,434.16
2496,929,191,7,661.15
2497,1667,362,5,387.70
2498,1379,246,4,91.16
2499,794,329,6,285.66
2500,1135,249,6,477.42
2501,1199,339,8,901.36
2502,829,65,3,333.39
2503,1805,203,7,159.60
2504,1725,226,7,548.03
2505,85,187,1,63.45
2506,1953,112,10,1006.40
2507,881,189,1,36.36
2508,1788,234,2,224.36
2509,1572,512,1,21.51
2510,1834,466,1,27.17
2511,1715,471,9,853.29
2512,550,416,9,1070.82
2513,1329,37,9,611.55
2514,666,283,9,956.61
2515,936,16,9,336.42
2516,1891,123,6,206.28
2517,218,169,2,213.20
2518,660,228,9,429.57
2519,1845,194,8,761.76
2520,1981,483,8,693.68
2521,1332,5,1,29.89
2522,1929,280,3,163.08
2523,1989,175,4,43.52
2524,1705,513,9,478.80
2526,1849,463,4,235.36
2527,521,466,5,135.85
2528,1693,94,2,171.20
2529,958,215,4,459.72
2530,1688,246,10,227.90
2531,384,208,5,307.15
2532,187,344,5,584.70
2533,1699,312,8,522.32
2534,13,301,10,834.10
2535,274,68,5,497.05
2536,289,511,6,366.96
2537,287,84,9,316.17
2538,687,83,9,263.61
2539,1760,489,2,238.04
2540,564,57,9,1073.61
2541,777,182,10,266.50
2542,1102,41,4,441.52
2543,1984,341,2,133.68
2544,1002,59,7,607.88
2545,1814,495,5,121.90
2546,1070,37,8,543.60
2547,1778,217,7,54.18
2549,300,196,1,48.90
2550,972,147,4,116.16
2551,1902,137,4,402.24
2552,1502,305,6,686.16
2553,103,415,7,549.15
2554,768,432,3,294.78
2555,1287,54,7,598.99
2556,810,214,7,490.28
2557,1737,16,7,261.66
2558,1694,173,4,249.40
2559,1707,159,5,86.70
2560,1905,439,2,29.10
2561,786,368,8,524.80
2562,1491,176,2,153.84
2563,968,465,5,346.55
2564,936,353,3,99.27
2565,1963,169,2,213.20
2566,661,1,6,324.48
2567,1534,215,3,344.79
2568,172,511,7,428.12
2569,934,252,9,460.26
2570,1829,228,4,190.92
2571,495,7,9,936.99
2572,639,226,9,704.61
2573,1840,348,7,700.42
2574,224,309,8,342.00
2575,163,204,3,180.33
2576,1667,509,7,519.54
2577,961,99,6,661.44
2578,105,195,3,169.38
2579,1615,409,7,120.12
2580,1571,225,10,276.80
2581,636,241,6,373.32
2582,603,474,10,873.90
2583,1488,401,4,54.00
2584,306,173,1,62.35
2585,1355,260,6,488.70
2586,1985,264,3,197.10
2587,501,144,8,452.64
2588,328,177,10,1114.00
2589,1907,83,7,205.03
2590,1074,401,1,13.50
2591,18,467,7,581.91
2592,1278,231,1,87.84
2593,539,493,9,989.46
2594,1205,333,5,434.85
2595,1725,61,6,178.32
2596,649,484,8,218.08
2597,1839,225,2,55.36
2598,633,320,4,426.44
2599,833,149,10,284.30
2600,1104,196,2,97.80
2601,1353,53,6,218.34
2602,695,470,3,131.76
2603,803,377,2,182.70
2604,791,63,6,445.74
2605,1840,276,1,60.63
2606,166,318,1,68.47
2607,162,268,1,11.21
2608,558,193,7,638.33
2609,1460,400,10,605.40
2610,143,305,6,686.16
2611,28,5,1,29.89
2612,151,272,4,256.20
2613,916,517,9,928.89
2614,120,490,3,143.58
2615,1790,471,5,474.05
2616,773,201,4,396.92
2617,602,316,8,520.80
2618,209,513,10,532.00
2619,495,8,8,417.84
2620,851,40,10,1189.70
2621,451,166,2,64.88
2622,540,230,1,113.80
2623,1560,137,7,703.92
2624,432,250,2,207.64
2625,1968,313,4,423.92
2626,1067,91,10,568.20
2627,144,217,2,15.48
2628,19,114,8,121.92
2629,1581,129,2,168.00
2630,1385,521,10,150.90
2631,342,469,10,1183.60
2632,535,146,9,524.79
2633,224,344,6,701.64
2634,1115,156,9,301.95
2635,1918,182,2,53.30
2636,56,288,4,229.64
2637,153,496,10,901.80
2638,1597,150,4,276.16
2639,1998,246,2,45.58
2640,2009,105,3,126.54
2641,1651,133,3,129.12
2642,263,92,8,594.72
2643,970,393,9,80.82
2644,796,227,9,1073.88
2645,219,128,3,195.36
2646,1443,242,1,42.40
2647,560,94,3,256.80
2648,908,255,9,744.48
2649,406,104,1,90.81
2650,338,27,10,72.10
2651,1198,376,6,462.78
2652,220,186,4,105.48
2653,1104,489,9,1071.18
2654,537,56,5,361.30
2655,1545,298,1,98.05
2656,819,514,6,367.68
2657,1177,79,5,565.05
2658,218,195,3,169.38
2659,1758,491,3,158.88
2660,300,114,4,60.96
2661,826,332,3,130.38
2662,1835,293,9,567.27
2663,526,366,10,438.00
2664,598,266,10,1006.80
2665,765,321,6,317.82
2666,1411,32,5,527.85
2667,68,404,7,77.42
2668,701,199,7,140.21
2669,1270,10,6,48.60
2670,1551,47,8,287.12
2671,723,508,9,286.74
2673,1514,328,8,749.04
2674,1776,22,6,282.24
2675,254,127,7,261.80
2676,522,180,6,58.92
2677,1371,451,5,271.55
2678,1478,258,8,659.76
2679,1911,338,9,956.34
2680,864,223,10,719.70
2681,418,487,2,139.90
2682,1974,51,1,66.68
2683,281,67,4,210.20
2684,1296,196,8,391.20
2685,793,457,4,243.64
2686,678,446,5,498.80
2687,1717,218,5,250.35
2688,1340,54,4,342.28
2689,302,84,5,175.65
2690,1313,72,8,330.64
2691,981,219,8,149.52
2692,672,279,3,69.27
2693,201,302,9,698.49
2694,997,465,10,693.10
2695,1168,189,8,290.88
2696,562,217,3,23.22
2697,1058,10,10,81.00
2698,1369,190,5,127.00
2699,790,239,7,304.01
2700,81,69,4,39.24
2701,1125,355,7,598.43
2702,1217,356,5,321.80
2703,226,231,6,527.04
2704,1550,247,6,412.14
2705,875,216,4,164.32
2706,1380,261,9,245.34
2707,909,471,8,758.48
2708,1787,281,4,249.36
2709,827,467,3,249.39
2710,186,274,3,33.87
2711,786,325,1,16.16
2712,1020,98,1,92.75
2713,463,336,8,665.12
2714,260,83,2,58.58
2715,504,457,7,426.37
2716,712,142,3,234.18
2717,1221,467,10,831.30
2718,975,191,8,755.60
2719,795,262,6,476.76
2720,156,130,9,379.98
2721,1145,317,9,850.14
2722,1135,422,3,307.02
2723,446,65,10,1111.30
2724,1209,454,8,473.60
2725,1292,417,2,31.96
2726,261,100,4,229.68
2727,762,130,9,379.98
2728,169,129,3,252.00
2729,1439,469,7,828.52
2730,355,515,8,742.80
2731,1330,462,8,812.40
2732,1594,315,3,307.26
2733,404,176,8,615.36
2734,1857,187,2,126.90
2735,1690,89,6,105.48
2736,1001,308,7,432.81
2737,686,44,3,269.79
2738,285,435,5,91.10
2739,842,118,7,562.52
2740,663,146,5,291.55
2741,607,374,5,505.15
2742,1071,69,7,68.67
2743,1915,401,9,121.50
2744,609,291,2,172.36
2745,733,248,6,164.10
2746,62,295,2,26.18
2747,1017,359,1,87.65
2748,527,264,5,328.50
2749,1466,335,7,674.52
2750,1669,298,6,588.30
2751,1297,166,8,259.52
2752,1448,119,7,119.21
2753,9,347,7,658.98
2754,1902,350,6,82.74
2755,772,117,2,65.08
2756,1594,479,5,447.45
2757,1063,468,1,104.92
2758,127,417,4,63.92
2759,1900,222,1,102.96
2760,506,9,8,174.96
2761,1263,236,10,1005.00
2762,1237,15,5,533.75
2763,577,336,8,665.12
2764,470,131,6,652.26
2765,560,486,6,141.48
2766,1360,502,6,710.76
2767,161,124,9,999.81
2768,1423,469,10,1183.60
2769,843,13,6,432.30
2770,331,389,6,118.08
2771,1284,430,9,207.00
2772,264,297,1,82.89
2773,360,339,7,788.69
2774,306,390,6,507.96
2775,232,97,7,667.94
2776,317,512,6,129.06
2777,1501,103,4,58.60
2778,1637,45,1,112.93
2779,1727,325,5,80.80
2780,1319,498,7,819.21
2781,1961,391,4,359.84
2782,634,248,4,109.40
2783,1270,276,10,606.30
2784,1549,299,5,114.70
2785,992,179,5,450.30
2786,763,518,3,63.00
2787,152,135,10,437.30
2788,1917,204,7,420.77
2789,841,99,7,771.68
2790,1892,221,10,1190.00
2791,546,453,4,174.76
2792,1919,241,5,311.10
2793,337,253,8,314.48
2794,1696,488,7,90.93
2795,1695,258,10,824.70
2796,999,409,10,171.60
2797,1432,387,8,154.40
2798,949,199,6,120.18
2799,246,326,7,481.67
2800,1137,56,3,216.78
2801,769,506,1,33.38
2802,263,297,6,497.34
2803,153,165,2,136.90
2804,298,354,2,92.44
2805,352,426,2,126.76
2806,526,403,7,778.33
2807,1165,343,2,220.62
2808,642,191,4,377.80
2809,1699,389,1,19.68
2810,406,200,3,250.89
2811,1781,339,2,225.34
2812,1366,374,5,505.15
2813,1105,408,6,354.48
2814,1597,312,1,65.29
2815,396,92,6,446.04
2816,813,478,10,124.10
2817,832,69,8,78.48
2818,1525,258,8,659.76
2819,42,376,8,617.04
2820,1767,446,6,598.56
2821,532,378,1,17.00
2822,1865,510,9,824.49
2823,1707,369,6,601.50
2824,1624,373,4,136.80
2825,939,150,1,69.04
2826,1572,245,4,292.60
2827,549,498,2,234.06
2828,1455,361,9,830.52
2829,555,14,10,1163.30
2830,152,142,1,78.06
2831,336,15,6,640.50
2832,333,449,4,359.96
2833,586,209,3,286.98
2834,1332,372,2,214.46
2835,81,298,6,588.30
2836,1697,158,10,960.70
2837,1468,265,4,473.44
2838,650,151,4,265.28
2839,490,114,9,137.16
2840,1610,50,8,415.60
2841,209,37,8,543.60
2842,1006,473,7,606.83
2843,487,57,1,119.29
2844,924,413,1,99.77
2845,1462,327,7,199.50
2846,842,490,10,478.60
2847,909,249,10,795.70
2848,380,324,4,98.44
2849,1220,248,2,54.70
2850,764,257,10,1022.60
2851,1381,276,1,60.63
2852,1863,156,6,201.30
2853,888,307,10,230.80
2854,828,247,2,137.38
2855,40,444,7,190.89
2856,1903,513,6,319.20
2857,1875,179,8,720.48
2858,1235,166,7,227.08
2859,1368,413,8,798.16
2860,1431,345,4,390.56
2861,788,124,8,888.72
2862,1534,325,6,96.96
2863,1205,185,7,667.17
2864,385,424,5,212.65
2865,947,205,8,704.16
2866,1073,126,7,485.45
2867,823,245,1,73.15
2868,473,157,6,428.64
2869,1455,92,1,74.34
2870,682,72,6,247.98
2871,1035,429,1,79.00
2872,967,78,3,250.29
2873,1241,79,1,113.01
2874,11,234,7,785.26
2875,1428,170,9,1064.34
2876,673,133,3,129.12
2877,1630,363,3,150.03
2878,380,467,7,581.91
2879,478,448,2,105.90
2880,810,349,7,607.18
2881,1676,155,1,47.56
2882,102,137,3,301.68
2883,684,265,4,473.44
2884,1137,371,3,75.93
2885,1839,91,3,170.46
2886,1729,223,5,359.85
2887,1437,74,6,558.54
2888,1,492,7,259.77
2889,1639,75,5,324.60
2890,805,193,5,455.95
2891,1616,393,5,44.90
2892,1099,254,10,83.00
2893,449,83,9,263.61
2894,1430,514,9,551.52
2895,1973,225,5,138.40
2896,1798,250,1,103.82
2897,543,363,4,200.04
2898,1084,192,10,107.00
2900,32,281,7,436.38
2901,574,236,2,201.00
2902,1551,84,10,351.30
2903,132,317,5,472.30
2904,251,489,10,1190.20
2905,1093,147,3,87.12
2906,466,59,8,694.72
2907,1960,380,3,115.08
2909,2000,81,7,557.62
2911,1279,142,1,78.06
2912,1029,53,1,36.39
2913,1393,413,3,299.31
2914,187,4,4,177.64
2915,744,384,7,775.60
2916,324,158,3,288.21
2917,1632,90,4,288.12
2918,1906,423,3,350.79
2919,1785,77,8,867.92
2920,535,146,5,291.55
2921,834,426,8,507.04
2922,1439,27,2,14.42
2923,356,445,8,223.28
2924,47,385,1,100.01
2925,1987,507,8,801.36
2926,1069,151,1,66.32
2927,717,32,6,633.42
2928,1959,448,7,370.65
2929,1463,228,3,143.19
2930,844,161,2,118.16
2931,1055,146,6,349.86
2932,1160,151,3,198.96
2933,670,322,1,108.50
2934,543,355,1,85.49
2935,149,283,7,744.03
2936,1571,399,3,259.17
2937,666,235,10,466.20
2938,1665,317,1,94.46
2939,1605,185,4,381.24
2940,1065,151,7,464.24
2941,793,431,5,305.90
2942,1142,375,9,877.86
2943,436,366,7,306.60
2944,601,237,5,217.00
2945,1584,175,5,54.40
2946,913,434,1,17.34
2947,1074,279,9,207.81
2948,1463,264,6,394.20
2949,985,415,3,235.35
2950,1850,351,4,57.96
2951,1464,255,10,827.20
2952,1084,209,4,382.64
2953,530,242,8,339.20
2954,1340,493,5,549.70
2955,1874,264,2,131.40
2956,1634,85,5,547.70
2957,1710,85,8,876.32
2958,982,2,4,324.36
2959,1809,465,6,415.86
2960,390,111,1,87.78
2961,1232,500,6,495.18
2962,1624,391,6,539.76
2963,1282,385,5,500.05
2964,273,428,9,317.70
2965,817,407,1,99.74
2966,1877,155,10,475.60
2967,66,504,6,543.66
2968,1714,89,5,87.90
2969,1825,509,5,371.10
2970,670,507,10,1001.70
2971,1946,124,10,1110.90
2972,811,428,8,282.40
2973,708,436,8,781.12
2974,174,212,9,617.13
2975,1512,371,2,50.62
2976,1089,32,10,1055.70
2977,984,445,4,111.64
2978,203,476,2,113.42
2979,446,104,9,817.29
2980,1546,428,3,105.90
2981,377,364,6,547.26
2982,1317,47,9,323.01
2983,272,188,4,216.40
2984,1209,191,6,566.70
2985,458,431,10,611.80
2986,979,105,6,253.08
2987,577,459,7,303.38
2988,996,453,2,87.38
2989,1800,105,1,42.18
2990,678,47,8,287.12
2991,1171,362,3,232.62
2992,756,384,10,1108.00
2993,642,175,10,108.80
2994,1801,429,1,79.00
2995,950,331,9,639.45
2996,1940,297,8,663.12
2997,1184,203,10,228.00
2998,538,331,2,142.10
2999,202,268,8,89.68
3000,1390,64,1,42.67
3001,1735,226,7,548.03
3002,1833,384,9,997.20
3003,1488,343,1,110.31
3004,1058,438,10,726.20
3005,220,348,9,900.54
3006,1910,421,7,49.07
3007,1196,58,3,137.94
3008,897,421,1,7.01
3009,1283,134,9,849.96
3010,1789,121,8,163.84
3011,1050,448,8,423.60
3012,1967,22,3,141.12
3013,1082,377,4,365.40
3014,344,136,5,261.85
3015,830,464,3,63.36
3016,765,276,5,303.15
3017,1290,8,1,52.23
3018,988,179,6,540.36
3019,73,194,10,952.20
3020,1908,201,4,396.92
3021,1716,371,7,177.17
3022,29,481,9,829.89
3023,1520,415,10,784.50
3024,1026,10,3,24.30
3025,122,477,6,293.46
3026,1680,75,8,519.36
3027,1931,150,7,483.28
3028,53,317,7,661.22
3029,531,293,7,441.21
3030,92,314,3,70.86
3031,750,343,5,551.55
3032,577,64,8,341.36
3033,1914,380,7,268.52
3034,1984,5,3,89.67
3035,1915,314,10,236.20
3036,1143,108,4,195.40
3037,810,503,1,69.55
3038,1818,169,10,1066.00
3039,1315,26,2,209.78
3040,61,127,3,112.20
3041,691,282,3,301.65
3042,360,489,4,476.08
3043,562,232,3,349.53
3044,1206,396,5,159.10
3045,478,259,8,661.20
3046,821,217,8,61.92
3047,811,203,10,228.00
3048,1740,267,3,131.46
3049,1219,348,1,100.06
3050,523,145,10,413.50
3051,912,315,10,1024.20
3052,636,141,5,477.55
3053,1371,282,3,301.65
3054,550,69,5,49.05
3055,1504,406,8,781.04
3056,1407,447,3,94.83
3057,870,405,5,381.45
3058,949,250,9,934.38
3059,1036,27,2,14.42
3060,1753,432,4,393.04
3061,486,476,3,170.13
3062,585,360,5,204.70
3063,1450,48,9,89.55
3064,957,466,2,54.34
3065,178,149,4,113.72
3066,1790,382,1,104.68
3067,1244,392,8,480.72
3068,310,392,8,480.72
3069,1047,494,6,640.56
3070,988,268,1,11.21
3071,2002,311,7,125.86
3072,1496,127,1,37.40
3073,1915,54,5,427.85
3074,858,308,1,61.83
3075,1362,299,7,160.58
3076,1638,393,10,89.80
3077,506,196,10,489.00
3078,92,307,1,23.08
3079,1466,478,2,24.82
3080,58,296,1,38.73
3081,1003,126,4,277.40
3082,717,500,9,742.77
3083,490,240,8,933.20
3084,476,284,4,76.40
3085,645,381,3,56.37
3086,242,409,3,51.48
3087,697,214,1,70.04
3088,1190,366,6,262.80
3089,105,85,9,985.86
3090,740,109,1,62.32
3091,86,370,6,398.40
3092,1653,129,8,672.00
3093,1913,428,2,70.60
3094,1677,254,1,8.30
3095,1387,416,6,713.88
3096,1416,295,3,39.27
3097,634,506,7,233.66
3098,1970,276,3,181.89
3099,1656,456,7,382.41
3100,1428,386,10,592.40
3101,1054,361,5,461.40
3102,692,286,3,359.46
3103,116,318,1,68.47
3104,1327,327,10,285.00
3105,738,89,4,70.32
3106,1713,253,9,353.79
3107,1767,391,4,359.84
3108,1014,305,7,800.52
3109,1996,144,10,565.80
3110,1537,372,5,536.15
3111,554,293,9,567.27
3112,859,220,6,361.20
3113,1251,179,1,90.06
3115,152,162,2,83.92
3116,1342,281,1,62.34
3117,1829,58,9,413.82
3118,253,411,7,763.07
3119,180,417,6,95.88
3120,1913,241,1,62.22
3121,1916,236,5,502.50
3122,1579,134,1,94.44
3123,234,321,5,264.85
3124,1230,34,4,41.40
3125,1664,160,2,44.72
3126,1221,419,2,86.76
3127,1759,510,6,549.66
3128,378,219,10,186.90
3129,540,484,10,272.60
3130,267,90,7,504.21
3131,1720,243,7,208.18
3132,1733,351,4,57.96
3133,1353,215,6,689.58
3134,449,254,3,24.90
3135,181,75,3,194.76
3136,837,436,6,585.84
3137,1330,71,4,241.84
3138,714,135,3,131.19
3139,83,476,5,283.55
3140,353,80,10,874.50
3141,267,313,4,423.92
3142,92,272,1,64.05
3143,1675,105,8,337.44
3144,11,229,4,264.72
3145,1885,151,5,331.60
3146,1266,331,1,71.05
3147,406,313,3,317.94
3148,310,462,9,913.95
3149,753,273,9,904.14
3150,1996,334,3,162.81
3151,152,283,10,1062.90
3152,1489,383,5,312.60
3153,1610,147,9,261.36
3154,1632,201,3,297.69
3155,749,110,1,32.18
3156,1663,206,8,273.44
3157,1455,239,8,347.44
3158,1040,379,5,544.90
3159,1558,310,8,515.12
3160,1928,286,4,479.28
3161,1639,152,6,312.12
3162,1417,229,1,66.18
3163,1767,413,4,399.08
3164,1788,450,8,689.68
3165,772,466,4,108.68
3166,378,435,9,163.98
3167,302,444,6,163.62
3168,279,264,10,657.00
3169,1736,396,8,254.56
3170,14,57,3,357.87
3171,1060,149,7,199.01
3172,535,234,4,448.72
3173,850,111,3,263.34
3174,1685,176,10,769.20
3175,246,124,2,222.18
3176,980,323,3,284.94
3177,521,207,6,488.10
3178,1576,470,7,307.44
3179,1971,17,8,877.92
3180,1448,306,1,24.35
3181,1917,310,3,193.17
3182,952,152,5,260.10
3183,1050,219,1,18.69
3184,1378,429,3,237.00
3185,597,281,3,187.02
3186,495,484,10,272.60
3187,800,517,5,516.05
3188,1397,443,9,716.49
3189,1285,280,1,54.36
3190,522,93,3,230.82
3191,1982,78,5,417.15
3192,117,79,9,1017.09
3193,729,394,1,115.65
3194,344,78,8,667.44
3195,1439,311,2,35.96
3196,1261,478,2,24.82
3197,990,206,4,136.72
3198,725,191,6,566.70
3199,531,240,4,466.60
3200,16,319,1,87.54
3201,1639,447,3,94.83
3202,97,358,6,156.60
3203,1953,505,1,105.82
3204,266,273,7,703.22
3205,1659,36,9,144.72
3206,404,355,3,256.47
3207,1752,485,9,309.78
3208,787,337,5,261.00
3209,1553,473,4,346.76
3210,1340,393,9,80.82
3211,2001,495,5,121.90
3212,302,449,6,539.94
3213,1480,488,5,64.95
3214,1379,62,6,346.98
3215,738,195,7,395.22
3216,32,501,9,997.02
3217,962,242,10,424.00
3218,1862,481,1,92.21
3219,1521,25,3,338.94
3220,1526,127,7,261.80
3221,113,214,7,490.28
3222,1535,192,4,42.80
3223,1831,418,1,63.55
3224,1531,86,4,427.84
3225,1925,226,6,469.74
3226,755,27,7,50.47
3227,759,318,5,342.35
3228,1624,374,7,707.21
3229,451,293,6,378.18
3230,905,180,10,98.20
3231,1497,97,2,190.84
3232,1960,296,7,271.11
3233,1020,261,8,218.08
3234,1764,74,7,651.63
3235,786,308,2,123.66
3236,688,484,1,27.26
3237,1408,506,7,233.66
3238,1304,190,10,254.00
3239,160,375,6,585.24
3240,194,25,1,112.98
3241,1724,298,5,490.25
3242,118,428,7,247.10
3243,1388,423,5,584.65
3244,1000,134,1,94.44
3245,707,146,5,291.55
3246,968,104,3,272.43
3247,396,87,10,1040.80
3248,928,417,5,79.90
3249,1088,204,3,180.33
3250,405,144,1,56.58
3251,1787,401,7,94.50
3252,1612,371,5,126.55
3253,637,274,4,45.16
3254,1082,451,5,271.55
3255,1517,230,9,1024.20
3256,199,434,1,17.34
3257,423,308,1,61.83
3258,1890,135,3,131.19
3259,1916,410,9,155.16
3260,569,127,10,374.00
3261,845,80,10,874.50
3262,1009,405,1,76.29
3263,694,158,4,384.28
3264,1039,245,2,146.30
3265,1977,182,5,133.25
3266,1316,430,7,161.00
3267,691,291,8,689.44
3268,1404,120,3,201.99
3269,1084,292,9,803.25
3270,1522,382,6,628.08
3271,770,54,10,855.70
3272,1752,11,6,271.98
3273,943,281,2,124.68
3274,1060,343,6,661.86
3275,30,260,6,488.70
3276,926,436,4,390.56
3277,438,483,6,520.26
3278,662,354,5,231.10
3279,958,436,3,292.92
3280,425,370,4,265.60
3281,1032,390,8,677.28
3282,1683,317,8,755.68
3283,557,309,3,128.25
3285,1410,159,9,156.06
3286,1137,240,4,466.60
3287,953,173,2,124.70
3288,772,385,5,500.05
3289,1693,186,2,52.74
3290,351,24,7,739.83
3291,510,189,2,72.72
3292,443,89,4,70.32
3293,1812,187,1,63.45
3294,912,252,7,357.98
3295,595,514,3,183.84
3296,819,381,3,56.37
3297,151,298,7,686.35
3298,1286,44,2,179.86
3299,216,143,3,167.19
3300,898,226,3,234.87
3301,1515,186,6,158.22
3302,1935,337,4,208.80
3303,1292,501,8,886.24
3304,339,482,9,1063.35
3305,1535,424,3,127.59
3306,1554,108,2,97.70
3307,1748,249,2,159.14
3308,306,138,5,588.30
3309,1312,322,3,325.50
3310,1934,310,4,257.56
3311,1738,25,3,338.94
3312,1954,154,3,192.78
3313,315,43,1,101.33
3314,571,318,1,68.47
3315,1544,243,7,208.18
3316,600,42,4,253.44
3317,1218,255,3,248.16
3318,1579,111,10,877.80
3319,1542,47,3,107.67
3320,1822,41,4,441.52
3321,602,29,6,126.06
3322,1862,1,1,54.08
3323,1312,299,3,68.82
3324,1759,174,6,209.52
3325,1339,326,6,412.86
3326,1967,495,10,243.80
3327,1228,180,5,49.10
3328,95,497,7,635.60
3329,1304,44,7,629.51
3330,138,448,5,264.75
3331,622,179,8,720.48
3332,148,126,9,624.15
3333,322,262,3,238.38
3334,980,438,7,508.34
3335,1424,485,6,206.52
3336,235,324,5,123.05
3337,1476,256,1,10.73
3338,1249,10,6,48.60
3339,1530,92,1,74.34
3340,1627,256,7,75.11
3341,544,475,4,464.72
3342,1684,186,8,210.96
3343,215,270,9,333.90
3344,200,66,7,509.88
3345,631,475,7,813.26
3346,950,369,4,401.00
3347,1560,469,7,828.52
3348,909,467,1,83.13
3349,855,454,8,473.60
3350,322,475,8,929.44
3351,1043,472,9,572.22
3352,878,47,5,179.45
3353,721,108,9,439.65
3354,1097,252,5,255.70
3355,712,89,2,35.16
3356,362,289,2,212.66
3357,1867,106,5,283.05
3358,1537,436,9,878.76
3359,349,110,4,128.72
3360,190,515,7,649.95
3361,1371,109,1,62.32
3362,838,412,4,446.60
3363,1259,177,2,222.80
3364,5,439,4,58.20
3365,122,334,9,488.43
3366,1260,520,1,75.41
3367,1808,419,4,173.52
3368,1224,419,5,216.90
3369,691,471,5,474.05
3370,1387,325,7,113.12
3371,1956,494,8,854.08
3372,374,463,2,117.68
3373,145,482,6,708.90
3374,1850,346,6,625.32
3375,1840,420,5,576.85
3376,43,316,5,325.50
3377,505,511,4,244.64
3378,571,458,8,206.64
3379,1521,303,2,196.34
3380,432,49,4,429.76
3381,439,60,4,39.84
3382,1062,306,6,146.10
3383,791,228,10,477.30
3384,1413,518,1,21.00
3385,783,28,7,271.18
3386,926,172,9,327.06
3387,472,248,2,54.70
3388,1885,402,10,1039.60
3389,481,342,7,66.43
3390,1987,489,10,1190.20
3391,212,418,5,317.75
3392,1224,152,5,260.10
3393,155,497,9,817.20
3394,287,23,2,186.32
3395,1391,491,5,264.80
3396,337,30,5,257.00
3397,1424,67,10,525.50
3398,1175,478,5,62.05
3399,1900,293,9,567.27
3400,687,378,4,68.00
3401,1915,497,6,544.80
3402,820,126,3,208.05
3403,1362,271,10,1122.40
3404,1644,71,10,604.60
3405,1502,401,5,67.50
3406,605,40,9,1070.73
3407,763,393,3,26.94
3408,647,45,1,112.93
3409,1199,156,5,167.75
3410,1481,370,1,66.40
3411,854,236,10,1005.00
3412,440,317,8,755.68
3413,1716,3,5,388.30
3414,369,190,1,25.40
3415,1918,288,3,172.23
3416,291,146,7,408.17
3417,1807,495,7,170.66
3418,613,466,6,163.02
3419,1825,168,4,237.48
3420,1486,510,6,549.66
3421,444,163,3,301.38
3422,64,107,5,261.70
3423,11,296,10,387.30
3424,1220,237,3,130.20
3425,1221,117,7,227.78
3426,454,123,4,137.52
3427,48,83,9,263.61
3429,258,314,9,212.58
3430,1118,166,6,194.64
3431,383,92,3,223.02
3432,369,102,8,324.48
3433,1292,66,8,582.72
3434,575,347,6,564.84
3435,1480,69,9,88.29
3436,905,61,3,89.16
3437,217,132,10,996.40
3438,1369,91,9,511.38
3439,1978,491,5,264.80
3440,702,195,4,225.84
3441,2004,304,9,1001.61
3442,1937,163,2,200.92
3443,1590,396,5,159.10
3444,1155,338,8,850.08
3445,446,338,5,531.30
3446,1212,441,6,110.52
3447,211,77,8,867.92
3448,915,327,3,85.50
3449,783,294,10,822.80
3450,1547,518,4,84.00
3451,1585,33,8,441.04
3452,1062,209,7,669.62
3453,585,449,7,629.93
3454,289,395,5,242.60
3455,1524,108,10,488.50
3456,318,272,9,576.45
3457,1193,122,9,453.69
3458,209,296,3,116.19
3459,700,323,10,949.80
3460,1005,82,1,84.23
3461,37,470,7,307.44
3462,1604,343,4,441.24
3463,1751,153,8,223.44
3464,737,35,10,229.80
3465,624,153,6,167.58
3466,1296,24,10,1056.90
3467,1467,328,7,655.41
3468,657,14,8,930.64
3469,757,240,3,349.95
3470,1993,22,8,376.32
3471,20,454,3,177.60
3472,747,153,2,55.86
3473,1593,195,4,225.84
3474,711,72,8,330.64
3475,687,506,2,66.76
3476,1433,237,1,43.40
3477,448,468,1,104.92
3478,1122,139,8,901.68
3479,84,381,10,187.90
3480,361,412,7,781.55
3481,1102,150,3,207.12
3482,1024,495,3,73.14
3483,1458,1,8,432.64
3484,1988,282,4,402.20
3485,1187,354,6,277.32
3486,1635,268,2,22.42
3487,264,451,4,217.24
3488,1180,434,6,104.04
3489,1936,129,2,168.00
3490,690,238,5,287.05
3491,1560,255,1,82.72
3492,1723,335,9,867.24
3493,194,207,9,732.15
3494,786,271,7,785.68
3495,376,443,7,557.27
3496,1135,154,3,192.78
3497,1511,254,5,41.50
3498,805,469,6,710.16
3499,1509,248,7,191.45
3500,878,219,10,186.90
3501,1096,306,7,170.45
3502,670,416,6,713.88
3503,1456,3,1,77.66
3504,1560,181,2,167.56
3505,1434,417,7,111.86
3506,1153,476,10,567.10
3507,897,16,7,261.66
3508,866,49,10,1074.40
3509,649,216,5,205.40
3510,1876,267,2,87.64
3511,902,356,5,321.80
3512,1405,296,1,38.73
3513,367,104,4,363.24
3514,139,279,7,161.63
3515,965,444,10,272.70
3516,290,391,7,629.72
3517,1123,333,8,695.76
3518,1257,130,2,84.44
3519,134,221,10,1190.00
3520,261,330,8,787.92
3521,525,255,3,248.16
3522,666,416,4,475.92
3523,1826,514,8,490.24
3524,188,14,9,1046.97
3525,1738,150,3,207.12
3526,1326,443,4,318.44
3527,614,378,5,85.00
3528,38,88,9,72.99
3529,710,96,8,560.88
3530,416,472,9,572.22
3531,959,71,1,60.46
3532,1753,480,2,111.26
3533,1236,85,3,328.62
3534,72,72,6,247.98
3535,1948,499,7,654.15
3536,14,381,1,18.79
3537,392,44,10,899.30
3538,1888,132,1,99.64
3539,742,503,3,208.65
3540,314,301,9,750.69
3541,1534,432,1,98.26
3542,1467,335,7,674.52
3543,55,510,10,916.10
3544,1874,483,10,867.10
3545,1301,493,4,439.76
3546,82,371,7,177.17
3547,1237,448,7,370.65
3548,951,248,3,82.05
3549,1188,264,6,394.20
3550,312,210,7,335.72
3551,287,22,10,470.40
3552,1399,386,6,355.44
3553,696,478,1,12.41
3554,1977,429,8,632.00
3556,1714,182,10,266.50
3557,1367,49,4,429.76
3558,517,353,10,330.90
3559,830,314,4,94.48
3560,1475,300,8,713.92
3561,1886,167,4,171.08
3562,221,472,9,572.22
3563,1779,54,6,513.42
3564,72,504,3,271.83
3565,564,34,7,72.45
3566,307,257,4,409.04
3567,1484,1,1,54.08
3568,1933,509,10,742.20
3569,742,94,3,256.80
3570,1023,116,4,316.04
3571,142,114,1,15.24
3572,1707,110,10,321.80
3573,324,86,3,320.88
3574,91,54,2,171.14
3575,1792,121,8,163.84
3576,1252,33,5,275.65
3577,946,98,9,834.75
3578,414,278,3,200.76
3579,1361,338,8,850.08
3580,363,424,3,127.59
3581,1394,306,5,121.75
3582,623,423,6,701.58
3583,1117,221,7,833.00
3584,321,249,10,795.70
3585,239,441,3,55.26
3586,1771,55,9,195.12
3587,347,411,10,1090.10
3588,367,175,7,76.16
3589,695,413,3,299.31
3590,434,363,6,300.06
3591,2009,78,7,584.01
3592,1500,23,8,745.28
3593,1787,329,5,238.05
3594,1083,439,7,101.85
3595,1370,232,6,699.06
3596,418,163,9,904.14
3597,1709,490,10,478.60
3598,648,107,1,52.34
3599,1613,279,1,23.09
3600,1328,353,8,264.72
3601,936,392,8,480.72
3602,1177,497,7,635.60
3603,856,229,9,595.62
3604,209,475,5,580.90
3605,1464,140,6,399.30
3606,1153,21,8,414.72
3607,1894,310,1,64.39
3608,334,429,1,79.00
3609,148,97,2,190.84
3610,580,326,6,412.86
3611,404,354,1,46.22
3612,443,455,4,457.00
3613,23,130,6,253.32
3614,399,485,5,172.10
3615,744,53,5,181.95
3616,160,233,7,200.83
3617,1351,203,1,22.80
3618,918,224,2,161.06
3619,148,369,4,401.00
3620,1058,100,10,574.20
3621,592,408,6,354.48
3622,1875,321,5,264.85
3623,1986,86,5,534.80
3624,449,235,2,93.24
3625,1087,368,7,459.20
3626,1260,189,5,181.80
3627,1247,390,9,761.94
3628,27,38,3,223.05
3629,1127,273,1,100.46
3630,826,150,1,69.04
3631,505,359,10,876.50
3632,449,335,9,867.24
3633,1876,153,9,251.37
3634,166,254,9,74.70
3635,1630,238,6,344.46
3636,425,132,4,398.56
3637,1693,18,3,194.82
3638,1454,430,6,138.00
3639,1111,453,4,174.76
3640,712,426,7,443.66
3641,245,147,10,290.40
3642,720,17,4,438.96
3643,95,422,10,1023.40
3644,1040,458,7,180.81
3645,745,190,7,177.80
3646,1070,489,1,119.02
3647,1529,74,3,279.27
3648,556,25,2,225.96
3649,211,134,7,661.08
3650,1015,274,7,79.03
3651,1137,305,8,914.88
3652,118,59,6,521.04
3653,1568,359,9,788.85
3654,1204,469,2,236.72
3655,614,382,2,209.36
3656,997,173,10,623.50
3658,1604,280,6,326.16
3659,1005,249,6,477.42
3660,1500,293,4,252.12
3661,46,369,3,300.75
3662,47,164,8,924.64
3663,1215,213,3,237.24
3664,355,367,6,56.46
3665,1612,240,6,699.90
3666,676,89,9,158.22
3667,142,350,2,27.58
3668,835,399,6,518.34
3669,528,195,1,56.46
3670,1514,503,9,625.95
3671,1542,333,6,521.82
3672,1127,217,7,54.18
3673,1171,480,10,556.30
3674,1578,400,3,181.62
3675,674,129,9,756.00
3676,963,123,1,34.38
3677,1362,335,4,385.44
3678,1396,476,6,340.26
3679,1729,358,4,104.40
3680,929,480,9,500.67
3681,483,322,7,759.50
3682,1230,19,1,34.02
3683,1146,239,10,434.30
3684,362,378,1,17.00
3685,1272,1,4,216.32
3686,1183,178,7,209.93
3687,579,72,4,165.32
3688,571,333,4,347.88
3689,415,324,1,24.61
3690,1953,307,4,92.32
3691,1769,139,4,450.84
3692,310,281,2,124.68
3693,1944,140,4,266.20
3694,579,250,3,311.46
3695,980,180,10,98.20
3696,1152,420,8,922.96
3697,1660,103,4,58.60
3698,855,497,1,90.80
3699,1361,481,8,737.68
3700,1970,465,1,69.31
3701,928,438,1,72.62
3702,557,76,3,189.72
3703,1434,245,5,365.75
3704,1822,454,3,177.60
3705,1277,510,5,458.05
3706,838,264,10,657.00
3707,1473,9,6,131.22
3708,6,230,10,1138.00
3709,1122,242,9,381.60
3710,1205,373,8,273.60
3711,1295,10,10,81.00
3712,425,175,9,97.92
3713,1804,361,1,92.28
3714,1243,241,1,62.22
3715,1782,112,5,503.20
3716,260,266,4,402.72
3717,195,301,2,166.82
3718,883,104,3,272.43
3719,560,81,3,238.98
3720,457,258,9,742.23
3721,1553,84,1,35.13
3722,1625,204,1,60.11
3723,515,117,10,325.40
3724,1122,326,2,137.62
3725,126,454,10,592.00
3726,970,26,5,524.45
3727,885,119,1,17.03
3728,506,240,5,583.25
3729,1052,132,10,996.40
3730,1829,237,6,260.40
3731,1234,196,2,97.80
3732,338,452,6,175.86
3733,1490,192,8,85.60
3734,188,101,6,424.56
3735,1271,28,2,77.48
3736,269,301,8,667.28
3737,270,104,7,635.67
3738,931,323,9,854.82
3739,275,356,8,514.88
3740,865,226,4,313.16
3741,718,146,8,466.48
3742,1905,520,3,226.23
3743,443,180,3,29.46
3744,868,294,8,658.24
3745,1738,289,6,637.98
3746,1266,184,3,341.13
3747,1162,259,3,247.95
3748,663,301,6,500.46
3749,737,133,10,430.40
3750,1679,110,3,96.54
3751,1024,260,2,162.90
3752,1724,205,3,264.06
3753,190,473,2,173.38
3754,1291,49,3,322.32
3755,1682,64,5,213.35
3756,1920,186,7,184.59
3757,448,193,10,911.90
3758,858,425,7,269.15
3759,20,152,7,364.14
3760,942,301,10,834.10
3761,532,41,6,662.28
3762,658,434,8,138.72
3763,69,34,9,93.15
3764,1802,497,2,181.60
3765,522,294,9,740.52
3766,194,505,6,634.92
3767,986,483,7,606.97
3768,1388,129,10,840.00
3769,1771,286,9,1078.38
3770,1099,440,7,292.88
3771,1442,24,6,634.14
3772,357,18,8,519.52
3773,1732,318,6,410.82
3774,1617,23,6,558.96
3775,1874,253,6,235.86
3776,1598,384,7,775.60
3777,538,36,6,96.48
3778,978,488,9,116.91
3779,971,24,8,845.52
3780,454,243,4,118.96
3781,1403,386,4,236.96
3782,1374,227,6,715.92
3783,1952,253,10,393.10
3784,1780,360,2,81.88
3785,1854,506,3,100.14
3786,333,64,8,341.36
3787,1481,87,3,312.24
3788,889,151,6,397.92
3789,665,278,4,267.68
3790,338,282,10,1005.50
3791,486,291,4,344.72
3792,704,84,4,140.52
3793,1489,461,3,280.77
3794,1966,491,6,317.76
3795,1238,297,10,828.90
3796,448,79,3,339.03
3797,125,479,4,357.96
3798,1985,181,4,335.12
3799,680,53,7,254.73
3800,406,500,1,82.53
3801,1780,36,8,128.64
3802,214,495,1,24.38
3803,1761,98,9,834.75
3804,1010,21,1,51.84
3805,1970,321,8,423.76
3806,1169,374,7,707.21
3807,380,493,9,989.46
3808,1342,97,3,286.26
3809,847,419,2,86.76
3810,1762,308,10,618.30
3811,1538,375,7,682.78
3812,626,506,4,133.52
3813,1039,366,2,87.60
3814,220,466,8,217.36
3815,217,19,1,34.02
3816,973,66,8,582.72
3817,1465,206,2,68.36
3818,1086,402,1,103.96
3819,710,119,5,85.15
3820,1531,365,5,532.75
3821,1778,253,6,235.86
3822,803,239,8,347.44
3823,1987,67,10,525.50
3824,696,336,8,665.12
3825,1491,352,1,26.45
3826,1153,158,8,768.56
3827,1661,444,1,27.27
3828,194,382,1,104.68
3829,987,14,9,1046.97
3830,1475,252,8,409.12
3831,927,288,9,516.69
3832,1470,125,1,105.64
3833,50,9,4,87.48
3834,1800,311,8,143.84
3835,459,472,2,127.16
3836,520,141,10,955.10
3837,1150,92,10,743.40
3838,1814,132,4,398.56
3839,354,290,7,468.37
3840,1799,105,4,168.72
3841,256,21,3,155.52
3842,1942,377,3,274.05
3843,1754,117,10,325.40
3844,222,442,4,296.56
3845,201,206,5,170.90
3846,76,303,1,98.17
3847,1535,203,6,136.80
3848,202,4,3,133.23
3849,152,425,7,269.15
3850,1089,215,2,229.86
3851,242,60,10,99.60
3852,743,179,5,450.30
3853,466,77,10,1084.90
3854,1589,417,8,127.84
3855,97,10,9,72.90
3856,998,427,3,107.31
3857,911,503,3,208.65
3858,484,364,6,547.26
3859,389,116,1,79.01
3860,324,223,6,431.82
3861,826,142,9,702.54
3862,752,27,3,21.63
3863,1296,218,10,500.70
3864,270,55,1,21.68
3865,1904,323,7,664.86
3866,1199,453,10,436.90
3867,952,460,1,109.99
3868,216,467,2,166.26
3869,1954,300,2,178.48
3870,182,143,4,222.92
3871,1424,264,2,131.40
3872,554,130,2,84.44
3873,1158,174,9,314.28
3874,1513,30,10,514.00
3875,1220,317,10,944.60
3876,272,222,9,926.64
3877,299,345,8,781.12
3878,1803,387,9,173.70
3879,313,368,7,459.20
3880,807,96,10,701.10
3881,717,173,1,62.35
3882,1028,405,9,686.61
3883,351,187,1,63.45
3884,1509,446,1,99.76
3886,1126,422,1,102.34
3887,1169,7,8,832.88
3888,140,300,3,267.72
3889,937,99,9,992.16
3890,1510,74,3,279.27
3891,795,214,7,490.28
3892,816,418,8,508.40
3893,1214,284,3,57.30
3894,1784,14,5,581.65
3895,1383,285,6,496.32
3896,1386,202,4,269.72
3897,1634,46,5,511.85
3898,244,203,2,45.60
3899,1014,466,10,271.70
3900,378,493,8,879.52
3901,996,1,3,162.24
3902,1542,206,2,68.36
3903,1936,328,4,374.52
3904,562,74,4,372.36
3905,287,319,8,700.32
3906,1614,356,6,386.16
3907,1344,373,4,136.80
3908,901,418,7,444.85
3909,1957,122,6,302.46
3910,383,185,6,571.86
3911,351,120,2,134.66
3912,1265,412,1,111.65
3913,777,153,5,139.65
3914,1658,109,9,560.88
3915,1848,315,3,307.26
3916,923,464,6,126.72
3917,1142,66,9,655.56
3918,444,42,10,633.60
3919,1313,315,9,921.78
3920,770,118,8,642.88
3921,69,114,1,15.24
3922,888,222,5,514.80
3923,1184,420,9,1038.33
3924,254,71,6,362.76
3925,1518,469,2,236.72
3926,1451,451,4,217.24
3927,1016,403,6,667.14
3928,949,327,5,142.50
3929,973,307,6,138.48
3930,1122,450,2,172.42
3931,1777,43,9,911.97
3932,275,154,10,642.60
3933,1567,90,7,504.21
3934,290,161,7,413.56
3935,789,251,2,193.26
3936,391,224,6,483.18
3937,127,430,6,138.00
3938,1211,424,6,255.18
3939,304,247,1,68.69
3940,485,519,5,128.60
3941,1605,240,10,1166.50
3942,1630,283,10,1062.90
3943,274,347,6,564.84
3944,667,409,1,17.16
3945,1553,467,6,498.78
3946,1758,243,4,118.96
3947,258,288,2,114.82
3948,768,470,3,131.76
3949,1516,353,6,198.54
3950,602,450,7,603.47
3951,161,311,6,107.88
3952,594,85,3,328.62
3953,1521,153,7,195.51
3954,362,143,10,557.30
3955,968,57,2,238.58
3956,1068,342,4,37.96
3957,1445,23,1,93.16
3958,341,378,9,153.00
3959,21,53,2,72.78
3960,32,253,9,353.79
3961,1482,410,5,86.20
3962,1661,347,10,941.40
3963,1776,458,1,25.83
3964,491,181,3,251.34
3965,1926,454,6,355.20
3966,1410,37,9,611.55
3967,264,314,2,47.24
3968,1531,26,10,1048.90
3969,1338,488,6,77.94
3970,301,107,9,471.06
3971,64,411,1,109.01
3972,1868,429,5,395.00
3973,1805,448,2,105.90
3974,1423,361,6,553.68
3975,694,204,6,360.66
3976,399,423,9,1052.37
3977,215,310,5,321.95
3978,294,355,6,512.94
3979,1742,468,2,209.84
3980,439,358,5,130.50
3981,245,486,1,23.58
3982,1138,338,6,637.56
3983,1508,225,1,27.68
3984,723,361,5,461.40
3985,1481,242,7,296.80
3986,1976,38,6,446.10
3987,1613,79,9,1017.09
3988,857,333,8,695.76
3989,699,127,3,112.20
3990,1825,398,6,653.94
3991,1903,465,3,207.93
3992,1584,306,8,194.80
3993,1678,409,10,171.60
3994,1426,520,5,377.05
3995,1577,213,9,711.72
3996,1389,3,7,543.62
3997,686,103,8,117.20
3998,280,191,8,755.60
3999,1536,477,8,391.28
4000,1446,399,5,431.95
4001,1932,465,7,485.17
4002,1173,350,1,13.79
4003,1357,391,2,179.92
4004,265,31,4,453.40
4005,866,119,1,17.03
4006,1471,20,6,590.58
4007,1655,140,4,266.20
4008,1818,378,8,136.00
4009,1703,47,8,287.12
4010,1592,368,9,590.40
4011,2013,1,1,54.08
4012,60,239,9,304.01
4013,1994,484,6,27.26
4014,1994,229,2,198.54
4015,1459,110,6,321.80
4016,1574,487,3,489.65
4017,1574,95,4,315.72
4018,1007,239,5,390.87
4019,1827,44,1,89.93
4020,612,455,7,571.25
4021,612,329,10,428.49
4022,606,14,10,581.65
4023,1030,205,2,528.12
4024,1167,233,7,28.69
4025,774,504,5,543.66
4026,774,83,10,87.87
4027,774,35,5,45.96
4028,1372,522,9,50.00
4029,1372,398,3,871.92
4030,1372,304,2,1001.61
4031,1372,11,10,271.98
4032,381,69,3,68.67
4033,1222,245,2,219.45
4034,1595,137,4,804.48
4035,547,79,2,339.03
4036,1435,211,5,57.12
4037,1575,121,3,143.36
4038,1575,106,4,169.83
4039,498,233,1,286.90
4040,1321,418,4,254.20
4041,1924,466,8,54.34
4042,1924,330,5,196.98
4043,726,320,6,959.49
4044,900,68,7,99.41
4045,74,41,10,772.66
4046,563,184,4,682.26
4047,983,361,7,92.28
4048,983,150,10,483.28
4049,1565,255,9,579.04
4050,1565,216,3,369.72
4051,1565,104,2,90.81
4052,1044,357,10,870.96
4053,1124,139,1,338.13
4054,1879,329,2,47.61
4055,323,435,8,72.88
4056,323,233,4,172.14
4057,101,308,8,61.83
4058,101,209,3,95.66
4059,1698,400,4,363.24
4060,1698,1,6,324.48
4061,303,516,9,333.24
4062,303,397,5,296.10
4063,386,168,1,237.48
4064,386,125,3,633.84
4065,1811,186,9,26.37
4066,335,310,9,193.17
4067,335,120,10,605.97
4068,99,237,10,303.80
4069,99,29,10,126.06
4070,1072,70,10,147.94
4071,345,445,8,139.55
4072,1671,404,7,99.54
4073,1671,95,2,210.48
4074,1689,455,7,914.00
4075,1689,386,9,533.16
4076,1689,12,9,308.64
4077,57,242,5,339.20
4078,411,115,3,346.00
4079,771,242,10,254.40
4080,771,146,3,291.55
4081,1159,82,5,505.38
4082,966,133,3,172.16
4083,1477,256,4,21.46
4084,1477,181,6,670.24
4085,1477,105,6,126.54
4086,1477,24,10,634.14
4087,1629,59,9,868.40
4088,761,446,8,199.52
4089,761,207,10,488.10
4090,329,256,3,107.30
4091,1950,506,2,33.38
4092,1618,317,5,472.30
4093,1618,207,4,325.40
4094,876,349,7,346.96
4095,1556,425,4,192.25
4096,1855,462,6,203.10
4097,1855,196,9,440.10
4098,1621,319,6,787.86
4099,238,519,4,231.48
4100,1741,242,10,254.40
4101,629,489,9,476.08
4102,629,359,6,525.90
4103,1079,338,5,531.30
4104,1049,409,4,120.12
4105,1049,188,7,216.40
4106,1049,125,10,211.28
4107,1049,103,3,117.20
4108,509,421,2,35.05
4109,509,376,2,539.91
4110,509,357,6,544.35
4111,509,20,8,590.58
4112,1773,113,4,112.06
4113,1750,86,10,320.88
4114,141,66,2,364.20
4115,65,498,5,585.15
4116,1528,357,10,870.96
4117,1528,101,10,70.76
4118,45,377,5,274.05
4119,1975,212,4,274.28
4120,1325,45,10,564.65
4121,1958,406,10,195.26
4122,1958,198,1,153.76
4123,185,147,10,232.32
4124,1830,348,6,700.42
4125,1830,325,9,64.64
4126,1081,13,3,216.15
4127,778,438,9,508.34
4128,778,316,8,65.10
4129,778,282,8,402.20
4130,778,56,1,722.60
4131,778,34,5,103.50
4132,877,402,9,207.92
4133,877,297,3,414.45
4134,1555,423,2,233.86
4135,1555,243,6,178.44
4136,1555,118,10,241.08
4137,366,286,10,239.64
4138,159,46,2,307.11
4139,159,40,2,594.85
4140,746,142,10,624.48
4141,746,17,8,548.70
4142,1011,359,4,525.90
4143,689,323,4,949.80
4144,1021,498,10,936.24
4145,1021,352,2,238.05
4146,735,86,6,427.84
4147,735,10,1,40.50
4148,2007,330,9,295.47
4149,2007,52,4,166.89
4150,1294,135,1,218.65
4151,1376,152,10,468.18
4152,925,59,10,521.04
4153,1548,360,7,81.88
4154,1025,265,4,591.80
4155,1025,222,5,823.68
4156,1755,206,5,341.80
4157,893,371,1,25.31
4158,893,197,10,291.75
4159,497,188,8,432.80
4160,497,181,9,167.56
4161,630,426,4,190.14
4162,630,96,6,140.22
4163,719,501,1,221.56
4164,719,128,8,651.20
4165,1421,320,4,106.61
4166,570,104,1,635.67
4167,619,438,7,580.96
4168,1722,434,5,17.34
4169,1722,70,9,665.73
4170,426,393,9,26.94
4171,372,138,7,823.62
4172,372,81,2,159.32
4173,974,426,10,253.52
4174,818,362,6,542.78
4175,1018,219,9,186.90
4176,1018,47,4,215.34
4177,1227,310,8,579.51
4178,1154,433,1,394.80
4179,1154,311,8,161.82
4180,2011,452,1,234.48
4181,2011,7,2,624.66
4182,1307,262,7,556.22
4183,1307,236,2,301.50
4184,1307,212,1,617.13
4185,196,43,9,101.33
4186,1095,251,6,483.15
4187,1229,374,3,1010.30
4188,1310,25,2,1016.82
4189,566,409,2,85.80
4190,179,202,2,539.44
4191,179,113,3,280.15
4192,1281,513,5,319.20
4193,1281,290,4,669.10
4194,240,263,4,305.15
4195,240,185,1,381.24
4196,240,125,9,422.56
4197,1314,288,2,516.69
4198,536,105,4,126.54
4199,129,473,10,780.21
4200,129,439,5,116.40
4201,529,39,1,1054.98
4202,2003,174,5,104.76
4203,1267,79,5,791.07
4204,284,90,1,576.24
4205,1202,296,4,77.46
4206,1202,201,4,893.07
4207,728,336,4,748.26
4208,852,27,4,64.89
4209,643,295,1,104.72
4210,643,220,9,481.60
4211,643,165,4,479.15
4212,343,330,10,98.49
4213,802,322,7,759.50
4214,802,133,3,301.28
4215,205,483,9,693.68
4216,205,242,5,339.20
4217,1570,290,2,602.19
4218,703,505,10,846.56
4219,1246,190,2,127.00
4220,1246,123,10,68.76
4221,1704,344,4,818.58
4222,804,469,4,1065.24
4223,1687,470,7,219.60
4224,1687,59,10,260.52
4225,582,324,3,123.05
4226,582,200,7,83.63
4227,836,403,10,555.95
4228,836,200,2,669.04
4229,836,112,7,704.48
4230,1708,465,2,69.31
4231,223,450,3,689.68
4232,223,133,7,301.28
4233,36,494,4,854.08
4234,36,148,4,81.16
4235,565,498,8,936.24
4236,751,86,2,427.84
4237,1268,195,9,56.46
4238,1057,389,6,98.40
4239,1057,294,1,575.96
4240,1057,103,10,14.65
4241,1331,444,5,218.16
4242,1851,491,2,105.92
4243,1851,372,4,857.84
4244,1851,221,10,714.00
4245,1711,239,4,173.72
4246,1711,190,1,25.40
4247,1843,53,4,145.56
4248,370,229,9,595.62
4249,421,179,7,90.06
4250,1686,247,8,343.45
4251,1686,187,8,317.25
4252,1817,467,2,748.17
4253,1817,254,5,8.30
4254,1418,424,9,425.30
4255,1418,413,7,798.16
4256,1418,327,9,171.00
4257,872,424,5,42.53
4258,207,340,8,219.59
4259,207,31,1,1020.15
4260,59,508,3,95.58
4261,1429,474,10,873.90
4262,863,429,2,237.00
4263,1813,130,4,379.98
4264,1813,126,2,69.35
4265,193,511,7,183.48
4266,193,464,3,105.60
4267,193,410,9,155.16
4268,1991,500,2,825.30
4269,1991,291,10,775.62
4270,1991,31,9,113.35
4271,1791,343,9,551.55
4272,1791,71,3,60.46
4273,96,123,9,206.28
4274,96,9,2,109.35
4275,1274,417,2,31.96
4276,1401,192,10,64.20
4277,271,303,1,392.68
4278,271,214,8,350.20
4279,584,492,2,333.99
4280,584,39,7,351.66
4281,1673,130,10,379.98
4282,553,149,8,284.30
4283,1990,444,7,245.43
4284,903,349,10,607.18
4285,903,287,2,158.10
4286,1347,344,6,701.64
4287,1398,130,7,337.76
4288,1815,372,2,857.84
4289,545,73,3,179.90
4290,1299,385,1,900.09
4291,1498,53,6,109.17
4292,1728,314,2,23.62
4293,208,101,9,566.08
4294,208,17,2,658.44
4295,1130,478,7,74.46
4296,1130,452,9,263.79
4297,1130,60,6,39.84
4298,1120,482,2,354.45
4299,1120,276,10,60.63
4300,1120,2,2,729.81
4301,1248,423,9,818.51
4302,88,351,10,86.94
4303,1323,198,1,76.88
4304,1323,62,10,173.49
4305,365,163,10,904.14
4306,100,377,5,822.15
4307,100,173,8,436.45
4308,247,433,1,394.80
4309,1878,127,3,149.60
4310,108,385,8,500.05
4311,108,30,9,462.60
4312,364,178,1,149.95
4313,1893,123,10,34.38
4314,1893,5,1,89.67
4315,1557,201,6,893.07
4316,1600,311,6,179.80
4317,1600,265,8,118.36
4318,1870,514,6,367.68
4319,1870,394,10,809.55
4320,382,392,8,300.45
4321,382,366,5,87.60
4322,382,12,9,77.16
4323,1210,471,4,853.29
4324,1210,137,8,1005.60
4325,1941,515,9,464.25
4326,1941,380,10,153.44
4327,1941,366,6,262.80
4328,1151,427,9,286.16
4329,1899,192,2,53.50
4330,782,506,1,66.76
4331,671,127,7,224.40
4332,1972,2,1,81.09
4333,1112,406,6,585.78
4334,1647,352,7,264.50
4335,1647,170,6,946.08
4336,422,214,6,350.20
4337,1969,153,10,279.30
4338,1969,103,3,73.25
4339,1269,232,5,1048.59
4340,1992,503,5,208.65
4341,1992,402,4,207.92
4342,1992,381,8,150.32
4343,1992,304,8,1112.90
4344,1992,277,4,62.40
4345,1992,253,7,353.79
4346,78,198,4,691.92
4347,1609,200,1,836.30
4348,797,358,8,261.00
4349,1107,386,4,236.96
4350,644,163,5,401.84
4351,644,154,10,449.82
4352,561,56,6,289.04
4353,668,239,1,43.43
4354,668,192,6,74.90
4355,1622,387,6,135.10
4356,1174,12,5,308.64
4357,1061,365,4,745.85
4358,1061,312,6,587.61
4359,34,418,3,571.95
4360,1786,499,9,467.25
4361,1276,387,3,57.90
4362,1783,73,6,102.80
4363,551,265,3,1065.24
4364,551,162,1,251.76
4365,109,268,2,22.42
4366,109,34,1,20.70
4367,437,422,3,818.72
4368,1094,242,6,254.40
4369,1094,6,6,876.33
4370,846,202,5,674.30
4371,1563,318,7,273.88
4372,133,459,7,303.38
4373,588,473,4,173.38
4374,1810,96,6,140.22
4375,781,278,7,535.36
4376,781,52,7,500.67
4377,1872,443,7,636.88
4378,1121,291,6,775.62
4379,1121,222,4,308.88
4380,1359,210,1,47.96
4381,1436,247,8,412.14
4382,51,196,3,195.60
4383,51,194,9,380.88
4384,1194,441,1,147.36
4385,1599,143,8,501.57
4386,1841,332,10,434.60
4387,1841,151,10,66.32
4388,1354,287,2,527.00
4389,1354,234,4,673.08
4390,1354,224,6,402.65
4391,1108,370,6,332.00
4392,1796,253,2,117.93
4393,1037,65,3,1000.17
4394,388,331,1,426.30
4395,257,459,9,346.72
4396,257,148,8,568.12
4397,420,481,8,92.21
4398,420,443,2,159.22
4399,420,237,10,217.00
4400,420,144,10,509.22
4401,1730,511,10,489.28
4402,1730,202,6,269.72
4403,1730,124,2,333.27
4404,1064,166,3,129.76
4405,431,163,4,703.22
4406,502,460,3,549.95
8192,2024,4,1,44.41
8193,2024,7,1,104.11
8194,2025,32,1,105.57
8195,2026,1,1,54.08
8196,2027,132,1,99.64
8197,2028,500,1,82.53
8198,2028,2,1,81.09
8199,2029,5,2,59.78
8200,2030,1,2,108.16
8201,2031,1,2,108.16
8202,2032,7,2,208.22
8203,2033,4,2,88.82
8204,2034,166,2,64.88
8205,2035,3,1,77.66
8206,2036,6,1,97.37
8207,2037,1,1,54.08
8208,2038,1,1,54.08
8209,2039,11,1,45.33
