user_id,email,password,salting,last_login,registration_date
1,john.smith@example.com,643adca4fb69e78ec5434af7cca6c6eff9a913e8aceda5cea8f1e212db17ef89,...,2023-10-16,2000-05-15
2,alice.johnson@example.com,fcfaca1c483377b646c3afafbd7707d29ee193947fea409a668718df11fc8378,...,2023-10-15,2005-10-20
3,michael.miller@example.com,738adb7058599839911af37c16be7e389500e81f56073409b63166b72ecd9c12,...,2023-10-14,2010-07-07
4,sophiaa.brown@example.com,cfe21f9ff278213b232104ce8a595799554549680b3ebbdc4ee5228ffdde2a1a,...,2023-10-13,2015-03-25
5,david.lee@example.com,bda639eb62bebe6818e1aa71c15a1360ec211bbf96d83f2ba8eee957195d7efb,...,2023-10-12,2020-01-10
6,oliviaa.wilson@example.com,a413d76aeeefd03dfbd4ee59b939cbf7d90167c21a39fa7e1e3a68501f6b6bb6,...,2023-10-11,2021-12-01
7,daniel.garcia@example.com,5fd5374c6d9d63e238ffa854944a1cf2b2049bb3e9c6662e1a4843f7f242b96f,...,2023-10-10,2000-09-14
8,emily.lopez@example.com,dd86a69d583534ff7675a3b93e939ef29cbf764c9a4716fb6d16437dee7cd5cf,...,2023-10-09,2005-04-30
9,james.martinez@example.com,ffe8fc09315a7f2661bbd12fbea03b0bc003173b9891f318c521118ab5ec5382,...,2023-10-08,2010-06-21
10,ava.harris@example.com,3bb8c1d8bacd37bc6ee51067f0beb11a0ae2b172c77ed7d87086f6c8f0a3004f,...,2023-10-07,2015-11-05
11,william.smith@example.com,462ffc3298129d7ac15db5735bdae87eccf0b5a1406e1eb72f1ef03046a6a2d3,...,2023-10-06,2020-07-29
12,mia.johnson@example.com,7b76f6d15141b98a8f4e6f5b4b581ec537d7b9b9b4af246d3fcc7145a3a22b8f,...,2023-10-05,2022-04-12
13,benjamin.brown@example.com,690b5d388a1626c91c12a92e5488b656e9f2bb77b429629c0daa5932060170c0,...,2023-10-04,2001-08-23
14,charlotte.davis@example.com,af7d8053196176ee1d4a523edcc167564735ff58fb2ae102f89ad3fc1941ab3f,...,2023-10-03,2006-12-17
15,michael.lee@example.com,974e0c813827447b0fdd5c4beded54c59eb8a5a58ca8a35fc86ee07259b3f8af,...,2023-10-02,2012-09-30
16,sophia.garcia@example.com,e1242103afc99a9cb04830bd0cacb8a61b2c893ab97f44a7d3f46aa35a18bdfa,...,2023-10-01,2017-04-28
17,daniel.martinez@example.com,d839039ce57945e00d37a6209740b4bace22aee1414afb6fae61777643b9ce11,...,2023-09-30,2021-01-15
18,olivia.rodriguez@example.com,ec1a44af98eebaa96b0afe2e67ec8cdfbce4630888d4b3308f3f01f531f6faf0,...,2023-09-29,2001-06-08
19,lucas.lopez@example.com,85611f615cbca3987b26cb991e0c741d310980ca512f13dd8ec915fce3667728,...,2023-09-28,2006-05-20
20,ella.hernandez@example.com,c14aa33150b5006651dfe93b2843015538dbf5ff73d4937c9397393eaf4e228b,...,2023-09-27,2011-03-01
21,liam.flores@example.com,c4e170afa25e9f853a4be681d12910eebb2e8e189f5882943e388fe09ce90701,...,2023-09-26,2016-08-02
22,ava.king@example.com,04d954de6847625fc8a243b198175d293642352c9e510f785e56e1ee24017d81,...,2023-09-25,2018-09-14
23,james.morgan@example.com,21552a0f4df25acaf3416c970d0b88406867b04a6e05c5d385104498db7af07d,...,2023-09-24,2022-11-29
24,olivia.collins@example.com,d109324b0c96f391b78a89f730e1a268b4cf6c8c0248c8ed7272346015497077,...,2023-09-23,2003-01-30
25,sophia.sanchez@example.com,b541406b447d8eace9e7d7c351ec5acb2a23fa605b3e642db0956d8e478079d6,...,2023-09-22,2008-12-19
26,elijah.gonzalez@example.com,46ae5665ce939d151b3b11333cd4e73611a6f18f8d196f6f7c37fe3eb865a528,...,2023-09-21,2014-05-27
27,emily.rodriguez@example.com,afdb2bb798a463a4fa841027ea2aeedffef55b5711d32bd9d01dd775ed09a5e6,...,2023-09-20,2019-10-11
28,benjamin.torres@example.com,02d5c0967fa35718eb9e2f1295b40e926a6cd558d4e3df38d6821e1db2a3c1ac,...,2023-09-19,2020-02-14
29,mia.rivera@example.com,0fa52f33566f8bf5600946229373a3e2309eb12b708c909f282ceb55a60042be,...,2023-09-18,2004-07-05
30,william.adams@example.com,5a3175353e0bb4b28805a541676f036f8e484ea0ee2ecfa8137a486691161b58,...,2023-09-17,2006-12-26
31,harper.wright@example.com,bd3fe732904b6c37254d49e6ac432e1120625b337ad694894f8444006995e330,...,2023-09-16,2012-08-31
32,liam.ward@example.com,59d3bcf58dd21c514a04033c523e05971df26eadc6d7e596398014bdc76fb2e4,...,2023-09-15,2016-11-03
33,evelyn.perez@example.com,ca795aa07df36e2e55332679e997542f9089ef2ca9241008d3b94d859eb6fbfe,...,2023-09-14,2017-02-10
34,sophia.hernandez@example.com,527b12549b231ddc80f7fcd494178f592df5fb828022f0c3260dc111105accb3,...,2023-09-13,2002-03-22
35,liam.perez@example.com,02931e40bd85b1dc2164b506d2db237f134d55a96f678c15af1605987281f1c9,...,2023-09-12,2007-10-16
36,amelia.martinez@example.com,d25c17911312724baf38fe5332d22867ae72136b0c4ef1d1ee753ddaa6d76b2a,...,2023-09-11,2014-07-21
37,olivia.adams@example.com,b1ef396735c0c895959f80c7825f3fa6dc1ac6a94472ecfada0d8dd54c07fc5f,...,2023-09-10,2018-04-30
38,lucas.gonzalez@example.com,0045006443ee152256e75456b63e862522e1af874af44b09d7e3e7841bda5b68,...,2023-09-09,2019-11-15
39,charlotte.collins@example.com,f0356aa36e6e1e6d493702a1aa3ec8f874a2d3a641ef77ea5005db7cb3d6bf05,...,2023-09-08,2000-10-25
40,benjamin2.torres@example.com,c1cf64c3eb0e37dd13afca75fb4e6eb2f38197c84d83db543834a8eb335d2ce7,...,2023-09-07,2001-05-01
41,ella.king@example.com,0316d6c2ff38f26bc858d39936190f8e13eae8bf6d136e3b9ed9cae8874b935e,...,2023-09-06,2006-02-14
42,william.ward@example.com,0c97f6a6cf10aa6694392e68e8567fa41929eb4da3f3321bc7b8d0896791b305,...,2023-09-05,2005-09-20
43,evelyn.wright@example.com,dcbc449d0c957ee32f38ba6e43758b4120591ad8a0ef871db101af4dda78a2f6,...,2023-09-04,2010-04-03
44,harper.perez@example.com,736cd33d3a9ba25043ded4cb791c7f222c0add2bf4b1049671a084efb4405f1c,...,2023-09-03,2015-08-11
45,johnS.smith@example.com,d98f844e8653ea61346c38f3bee1a8308a25a8eb78425d32e0ce9d8a287dc4af,...,2023-10-16,2002-03-04
46,alice2.johnson@example.com,0db591ef9a62f5e89f1b5a97b553e4eed5b61b359267bac88fc11a464da9eb17,...,2023-10-15,2005-04-15
47,michael.Smiller@example.com,fe73d40641dac31b42625fcc97eb5b70c14b8715807357844d42fc0730731a85,...,2023-10-14,2010-07-07
48,sophia.brown@example.com,f5f5bb9c76cd24c3aef5945aa2793982332b741a50416951a23653073567e322,...,2023-10-13,2015-03-25
49,davidS.lee@example.com,77deb3cb266c20db54ce17f22e55a1a084912b471ef9648cc1bdf513227af438,...,2023-10-12,2020-01-10
50,olivia.wilson@example.com,5eede9b41ec2c58647acdc808c9792e0f316129c4309219737170b274a928cbe,...,2023-10-11,2000-05-21
51,danieSl.garcia@example.com,121f60229ea8ce1bf7c57f29ae4e9f5aad04a132bcd120b26fb9fe39771c934a,...,2023-10-10,2003-11-14
52,emilyS.lopez@example.com,8cf70051fad991bd8a6528d67c42bd0759ce8625641087d1f49ce8cb78cbde47,...,2023-10-09,2008-07-25
53,jamesS.martinez@example.com,b6722625631bdd9e4a93b507e042b81e106a2372943585f640c0af2d63912aeb,...,2023-10-08,2011-05-19
54,ava2.harris@example.com,f28521e543ee99383bdbedb5eb9394eafa58542dacdc43a856b1fd81f7f52e11,...,2023-10-07,2014-08-10
55,williame.smith@example.com,883e2f1ed3d8974cded5a7131348b6de77e2e793d74b6288c58470d314f670ec,...,2023-10-06,2019-02-14
56,mia.Sjohnson@example.com,f45569a9ff63613ba1f43b5230dd1fe3bfc02a80d0628a92d47a3099e66bafec,...,2023-10-05,2004-06-30
57,benjamin2.brown@example.com,de139616cefa74c4f2b4a02b5604791bbf45e823391982a0ce0821cbddde915d,...,2023-10-04,2016-12-11
58,charlotteS.davis@example.com,94b419c247d6efc93f23da7b4690d519c6a2d8fe8a2270894827eefbb849005a,...,2023-10-03,2008-09-21
59,michael.Slee@example.com,8d013003bd96e03ac5c7d7c0d8fc0dffd55dfde8cb16335877026c0bfcaa74a9,...,2023-10-02,2005-03-28
60,sophiaa.garcia@example.com,87d7dcea862241c8e4a1ddb2acc3f3b52d76d89fe65e5e0c8530490bfe64e352,...,2023-10-01,2017-10-15
61,danielS.martinez@example.com,f9ff473233fc912710160b4ad7baff5acf9abc32759da1ce24aac0f59dee2f06,...,2023-09-30,2011-04-10
62,ella.smith@example.com,a0ac52a489eb34479c4c95599caab2a91e5961795f9763ef97971fc5950d0a56,...,2023-09-29,2015-09-25
63,ethan.johnson@example.com,89494f67b9f303e93d792c69ff9648e2cdee537cf36190a12fb0e5a51122312a,...,2023-09-28,2018-05-03
64,avery.brown@example.com,a38955ade49752a8ab8ccb38593b50627f0e99cbcd4044375207d3e3554590aa,...,2023-09-27,2017-02-18
65,lucasS.lopez@example.com,e3fece1e4b96da41ab0262c8143247833630399eef4b80418905f252fa92932d,...,2023-09-26,2010-11-30
66,madison.davis@example.com,b7911b37b5baf7ffd98fa5b6064684582649db8cd33f2c9b6e938e3ca8f167ee,...,2023-09-25,2013-07-12
67,noah.lee@example.com,4373e7ed31d7feddc7cc010352d60daf956c1aebcdae146e7ba03219d3482fa1,...,2023-09-24,2012-05-21
68,olivia.williams@example.com,a9a28f4dcc8607d4e1ca3b45fbda7bce6c4ecab085d5a38c0dcd6dbb6bba3d2b,...,2023-09-23,2003-08-19
69,isabella.smith@example.com,a4f0ab98096202f879359f52391f18175bd9199fc4abd0af37f42b1807e90719,...,2023-09-22,2014-06-02
70,lorenzo.ferrari@example.com,685e67bf13781cf2a0103a7bec3d155bbecc5e3146eecf9fe3ad9e423078cf7d,...,2023-10-16,2001-04-15
71,alessia.ricci@example.com,3e1a8a7699eb171da50af98fd0f89682c92e2bf3d2470ebdb2653672beae3363,...,2023-10-15,2006-07-20
72,giorgio.rizzo@example.com,aab6f63cec00a1606f7bd98fc5d5ce7a610f627a479c7d8edc8920c4cc0e77d7,...,2023-10-14,2011-08-15
73,elena.santoro@example.com,b9c869a391510bd05bc60fc01244991241b1c76c5bff94f788ac560900720f2a,...,2023-10-13,2015-09-01
74,antonio.moreno@example.com,5ac77b7a953fb0fb44c9b0aa8c985adfceaf1b5202f73864eeea5f301c56bcaa,...,2023-10-12,2020-02-10
75,mariaS.silva@example.com,17fac50e76b694dff0dc69d97657801e734ba4c159b9587cc4288e77dc2aca85,...,2023-10-11,2000-06-25
76,cristina.ramos@example.com,177c5428e03889de53e5f8285a4c34eec4097a81d2ea30ce86da1a5711fa7c65,...,2023-10-10,2005-04-10
77,luciano.serra@example.com,defa094f6cdc7c49e0eec9afcbf1a438b73f5f7b2085a6b923097593e9ef8fe5,...,2023-10-09,2008-12-01
78,aurora.molina@example.com,b84b3ef4e2bb8fe15867c97beeb18c817649fc09eb7750f9cca3b6cc09aa88b6,...,2023-10-08,2013-06-19
79,vincenzo.ricci@example.com,49409ebd667b152cda8761f7b2d6d7dee2fe1e630e13789ee10a64196c01e801,...,2023-10-07,2004-11-05
80,gabriella.conti@example.com,519c5900db4da74abec0f58228be5ee3ff262129e96455c892756224210f7740,...,2023-10-06,2016-07-29
81,matteo.gallo@example.com,0f3b88df513d5823bc38e97a926e286ecd78b1eae6d1671fba0f773b83dc3a8a,...,2023-10-05,2022-04-12
82,sara.ferrara@example.com,c2b842644178b485440d0e1dbdd7702aee23c373de1a5459d87ab79345db9182,...,2023-10-04,2000-09-23
83,riccardo.rossi@example.com,eeea0adb8acd041ccd0298ce5ef6ae1a14efce1adfa9327bcebfd9b76edad7e2,...,2023-10-03,2005-12-17
84,giulia.sorrento@example.com,64020448ca0737b29bb181ee460252073c9a5e64addb78f5af14118f7b34ad00,...,2023-10-02,2010-03-30
85,andrea.moretti@example.com,0fc52247125d90d1007f861e6587e8c63c3db591ce3d9d21fa92fd170b23d53a,...,2023-10-01,2015-05-11
86,luna.perez@example.com,7cfa6e09e5d8c11ca13267cc3ee416b4399ab71270e419a8882f9b5d8caea75d,...,2023-09-30,2019-10-02
87,davide.greco@example.com,eaad2e9a86a8e8c0fe9266c13e0bacddcf25b2a05058f02e417b8fc714ed89bc,...,2023-09-29,2002-08-08
88,bianca.milani@example.com,3102266a16b6f4fa4cf1d4c18a4ea50a699a57fa462660d071d95e60f0f86cc3,...,2023-09-28,2007-11-25
89,alessio.martini@example.com,129d16eadf7720d4d099c3688b1ae4c092500c6ada7c379aa0f9469fde717ee6,...,2023-09-27,2012-04-19
90,chiara.coppola@example.com,adba47ad2cf7e4584a2d047f0a300cd1190d76c4878d30583b1ac36810fe4180,...,2023-09-26,2017-05-14
91,diego.rossini@example.com,e9840376bfaaeef0b2621ab8b4e7a4e7a037617ac901b12761ea728d86bf635a,...,2023-09-25,2018-09-30
92,eva.lombardi@example.com,a8788535b4bd7b7823ec0b2c3bde0d17457712f467bf36f9d9efbc01464d7d9f,...,2023-09-24,2003-01-16
93,filippo.mariani@example.com,1c9c59f826830f9b769e15e28735d56b3992932cea837e8842cf3d0807eaa35e,...,2023-09-23,2008-10-19
94,gaia.colombo@example.com,a5693ae44c88cbdc4554880637300978f56627853361d51d508636035d76ab85,...,2023-09-22,2011-03-08
95,siyabonga.dlamini@example.com,b72abd953306e3c30dff3b4ee129b362de178b734e199368fb548868be14eea4,...,2023-10-16,2001-04-15
96,lerato.molefe@example.com,508cf857eb59904695c75967e870ccd5964ca2013f0aedf59452e6d3064dc2aa,...,2023-10-15,2006-07-20
97,thabo.ngwenya@example.com,7a848929796e066b874367a62b4947edc1724812ff6c471a38a4aa74ffedc498,...,2023-10-14,2011-08-15
98,nomthandazo.khumalo@example.com,4debe050721f6692acac6fde7495c1ddd276b037f278174cd35d28f8eabf3d2f,...,2023-10-13,2015-09-01
99,andile.mkhize@example.com,f25ff6bedc79c78ad2386f6b792ed17954f45c93da64422132ae0f753f44bea4,...,2023-10-12,2020-02-10
102,sipho.nkosi@example.com,4dc03adb06da8c9d3593bd22a93527ecea94b6a393f4f72ad197c27489f07f66,...,2023-10-09,2008-12-01
103,lindiwe.sibanda@example.com,7624b68f4fb56a0558cc0ecacfbe540ce6badf4fa375d8b90b36ffea3d8e0640,...,2023-10-08,2013-06-19
104,bongani.maseko@example.com,a11f975da85f0d93f035826e146b584bbfbfa2077c699896a876ca8a3ab9720d,...,2023-10-07,2004-11-05
105,sanele.mhlongo@example.com,5df24769e49f26f80a2fc2f5e6f321f87f2a144ff5da53820d6cdfdadcd20712,...,2023-10-06,2016-07-29
106,thandeka.ngcobo@example.com,6faa83df5821d1a84ff5cc0c506463942cc3bc0641bf13e6a426e51ff899180a,...,2023-10-05,2022-04-12
107,musa.khoza@example.com,9807c7eb10d2575fcf62bd32a1ef8a905a1e9b47845150f4cc02f9d1cdc8afc3,...,2023-10-04,2000-09-23
108,lwazi.pretorius@example.com,55d3fc0c554a91c80e9b2601576ecffe9613929a87429edf78a5089fa86f8023,...,2023-10-03,2005-12-17
109,nolwazi.mazibuko@example.com,2e53c9ab9950f432a094c6ea81440f0ee39cb50ffde0edce31b6f089b89dc02d,...,2023-10-02,2010-03-30
110,zinhle.naidoo@example.com,c541b60dfc365fe1ea58c50e96d81ba58fe629314ea38cfb17b789b4fb3f62be,...,2023-10-01,2015-05-11
111,jabulani.moloi@example.com,9dd394f6bafc7bc2aa270ccc5677dd85e6d2d91bb4d4fdd22401ea329e9a7503,...,2023-09-30,2019-10-02
112,sibongile.mkhize@example.com,4141df6e6d3c6e6fafd9014062b4ce338f20dd1132dea964a5d35b47c24ae6f7,...,2023-09-29,2002-08-08
113,nkosinathi.sibiya@example.com,4bbf3036ba0271ac953cbb79d9d36890730f22e1e89dba4c5aec2beecfc3f96b,...,2023-09-28,2007-11-25
114,thandiwe.majozi@example.com,5b4accf3b0e2b0203135b89f3dddc5977943c9b29aadfa26227c507ea0be1585,...,2023-09-27,2012-04-19
115,themba.buthelezi@example.com,c4749ce24aa2a9fc78de60ea7acf962c090d364ef145fd294efb5839cdf6ae34,...,2023-09-26,2017-05-14
116,buhle.zondo@example.com,08ad8f139450df3a0bc04e99e86e1d8fa571437de1e4e1773c9ca2d72d60473a,...,2023-09-25,2018-09-03
117,lungelo.mthembu@example.com,f71d2d72f58991d085fb484d0b32b2e5ec8cec4f182422d950cfbd0617cac076,...,2023-09-24,2004-01-30
118,sithembiso.nkosi@example.com,ec0b62d24372c8244bfd33f2dae73a10453a6d769d7bd6d23e2a930bda67be16,...,2023-09-23,2003-04-03
119,johny2.smith@example.com,e46c2e2a40fa920e181358d2c01d80e6ee8956628e81703e346468a233a0b877,...,2023-10-16,2002-05-15
120,mary.johnson@example.com,5ec3830e198b2905746f75364b39566522480b521d9227d384c0d2f3aa6185b0,...,2023-10-15,2005-08-20
121,david.brown@example.com,8c682f2fd01a9ae983487ba520b51868d07f793c5487ab40c2d58daa5c5e33e8,...,2023-10-14,2011-09-15
122,sarah.williams@example.com,f7c8cef71a602e1126e42ec08236babed921a2ec1f3a42febda9bb719c0e12f4,...,2023-10-13,2016-03-01
123,james.jones@example.com,e8f70d840e1ed634bd78ae1e67ffa2bd6007b07592a5d3ea740896e464d02258,...,2023-10-12,2021-05-10
124,jennifer.davis@example.com,d33e9b1d911cf4f5979f18c6f13ff53264f57bf767b6b0b341d1fab294c9cc36,...,2023-10-11,2001-07-25
125,michael.wilson@example.com,befe929d29eae4a773a22386956359008059c7c10863eabca143a4ca098caab9,...,2023-10-10,2006-09-10
126,linda.moore@example.com,b16a824cc64a9a8d6fc198a0eda6d027d558f8cb678a9eab3129e3251b595e5c,...,2023-10-09,2007-12-15
127,william.taylor@example.com,8977f0359b62566ed5aa5fe020b46f930e669878221ae1468deb1698c8ac7707,...,2023-10-08,2014-01-22
128,patricia.anderson@example.com,71d5715708f30a7fa1e8e77133ceb261ca110e3a7fc6f3f1098e272f93ccb968,...,2023-10-07,2003-03-05
129,robert.thomas@example.com,77eb8ab7724dbe47e419e18b2cbb8758c6de8205f8cb734c5113345903185e7c,...,2023-10-06,2010-08-09
130,elizabeth.jackson@example.com,a2947cd3ec09a5fc9d56e2e0adad09cc99cc8d591c56cd7d443aeaa68a2a7359,...,2023-10-05,2018-04-01
131,charles.harris@example.com,ec5085fe9d7b8039d49885899977c326573c44aae116b45f1f81da9e9cde5980,...,2023-10-04,2012-11-25
132,karen.white@example.com,10af8c0e7a771a674e6c629c3160fb39114b5ea2bd68e54c8a338698af83a73d,...,2023-10-03,2014-06-07
133,joseph.martin@example.com,5004a711a4daf33bdc9509d551a5a85b2b8d85605bd33f6a43df913dacddd7d1,...,2023-10-02,2019-01-30
134,emmaS.johnson@example.com,2eba2603fc21a7dd525b5bf5201ab66a8441b713df7556102322fb4260ab36b5,...,2023-10-01,2005-04-11
135,williams.smith@example.com,8adc4cf57339f25b86f8490d8a1df4cc7b6531ca789120fb81ebab1874c1baef,...,2023-09-30,2011-05-05
136,olivia.brown@example.com,f454c15d8ff599348f28cc00d5a6e6ad3e0d47e6a33ee84a1be9e6ff82ed9c0e,...,2023-09-29,2017-08-09
137,james.wilson@example.com,5ee75c81ec978253346a50740e122d345041dee9cc7f10d906510b35436ac011,...,2023-09-28,2006-12-20
138,ava.lee@example.com,9a9994f2c209ce3a683ea70b374d55ea176b2da6e31aaac715ce6d08f2a69ebb,...,2023-09-27,2018-04-15
139,lucas.moore@example.com,26f3d0961fda6c9d133a9f1406651efe9b33528b987eb412591963f30e80537a,...,2023-09-26,2013-11-17
140,isabella.larsen@example.com,394720bed4699f8af6f1e2e05742cb4d73e53c475593279268b87f239cc0fc66,...,2023-09-25,2003-04-03
141,emil.olsen@example.com,6668812bf53942a572d4df55c176f6f65038fba7c6b5ab180e13d548732212d9,...,2023-09-24,2007-07-27
142,sophia.pedersen@example.com,06e61db70e6b461e129fa31a8553311c538c7a91e8ff86458d7d8d3d27d7e399,...,2023-09-23,2011-09-10
143,yuki.tanaka@example.com,ff6ae9c287426f45898c35d3c4c75057c6a5ce996540e0ac9576cd99355e86b7,...,2023-10-16,2002-04-15
144,seung.kim@example.com,b15d633ec68b3e1b0034d85954f8f41ef980a53e4716c48fa537653e37612726,...,2023-10-15,2005-10-20
145,viktor.ivanov@example.com,659b51e2cd70c7475cd1035f81eb19f3a0fb3f6230d570b97d273d509bbdfbde,...,2023-10-14,2011-07-07
146,zhang.li@example.com,eae9a38dac408c2761181f94e3842f510dc41146b6e4bc30c58746396918892b,...,2023-10-13,2015-03-25
147,nadia.ionescu@example.com,b211ce4dd34b9056d33ac691ccb54333b75a2e2c21e6385cc8f50704596b698b,...,2023-10-12,2020-01-10
148,pavel.novak@example.com,488d821361a5062d866034ecc3f4a3973626e35228851f4e4f11716fe54be5e8,...,2023-10-11,2021-12-01
149,andriy.kovalenko@example.com,678d21c31ee2e9ed56bf6584b59e6159237000d48220bc957b071966be65227e,...,2023-10-10,2000-09-14
150,svetlana.popova@example.com,929a0dd69b6146742c767df2a6ef9a3eba6444fc38bc74d0c6c16806c5cd68c4,...,2023-10-09,2005-04-30
151,mihai.constantin@example.com,34983168b0aee344c2f0e7f04788ffc0ca6d76bd9e41d691338e4a2f5e2cba2e,...,2023-10-08,2010-06-21
152,kenzo.sato@example.com,15345e877955372261cb7f6019cb350f061344bc03399238224646de37c8041c,...,2023-10-07,2015-11-05
153,elena.petrova@example.com,209df605ab7c3a20335288050cb6ebeab21f2501e4ca51f42500feef83c05dcd,...,2023-10-06,2020-07-29
154,petr.jelinek@example.com,957b9dc72dafbbf4d8f77646359fae781a9bd755c92f4315fd14d024761ecacd,...,2023-10-05,2022-04-12
155,ioana.dumitrescu@example.com,3fe043f8cfe6ef0f64da7ab437852f98845fe2e6e49a3e73daa8e41d65078065,...,2023-10-04,2001-08-23
156,hiroshi.yamada@example.com,e0c4820fcd25378cdcfc37b38eaa69d0111de0245303552f627cbd65f115b61b,...,2023-10-03,2006-12-17
157,nina.kowalczyk@example.com,9f74fa8a283fd538cc6ecb153bbb1f650e880c88f59a8f96c1714a142003bec2,...,2023-10-02,2012-09-30
158,kwame.osei@example.com,5ed79464104f30afbadcd522cd83825f020bdb09451fb740befa98282a3faab6,...,2023-10-16,2002-04-15
159,amina.ndiaye@example.com,9ad2c86775d5d6cddf05f7bd1ca55848dd4fd932277467c8b9eda4428c521827,...,2023-10-15,2005-10-20
160,rashid.moussa@example.com,0bd5785acb71b1b9401dd40053ebe2c0fa872178d99e1c60b78614b18ce49caf,...,2023-10-14,2011-07-07
161,fatima.kamara@example.com,2eb67521533a10a816cb18b961ca48d6397989d3c01e6a6b1c46c1c0a3866ffc,...,2023-10-13,2015-03-25
162,sekou.traore@example.com,80b0d615bcce333e3988aa24d66016190686c9bea5157d0136e72f775465113a,...,2023-10-12,2020-01-10
163,chidinma.okoro@example.com,65e05f651093efc55d8b7cb3a8837244ad49df059dc12cce49fe4f83b76c4b78,...,2023-10-11,2021-12-01
164,kwasi.abdul@example.com,524f742b4cad038be80ad2c6716b1e5a60d452d59c61479917b1c65ba62a5a87,...,2023-10-10,2000-09-14
165,nadia.mokhtari@example.com,0f5141bfc0620c983c744d109f55ece67fa69816018e5b3da4fc18be88bd61ed,...,2023-10-09,2005-04-30
166,lunga.sibiya@example.com,f49ecdc127067d340355f8cc4c5cb88cf51802f7ae57f4ee139c4054f1424536,...,2023-10-08,2010-06-21
167,fatu.sankoh@example.com,c36f207975333a8f28055b810821a886803bcddb238135219a14f47d218b5dd9,...,2023-10-07,2015-11-05
168,salem.hassan@example.com,c6b7445a8ffb0bc13d1b09eff6bb7cecc0cdb8aaee92014c1279cd9db7032a7c,...,2023-10-06,2020-07-29
169,ebele.okonkwo@example.com,895b9531b80dc0778d362b9152d583317d2702eaa14f4739dabbef0fcc876b21,...,2023-10-05,2022-04-12
170,malik.fofana@example.com,8385b1df7601918cd7f079f76239b0cf21519fd661c2d4b7ea91fb0134ab3885,...,2023-10-04,2001-08-23
171,mireille.diop@example.com,4cce5179ef8c47fd08078d96565643271eae07c646dac55c7d3937d6c0c57acf,...,2023-10-03,2006-12-17
172,kwabena.ankrah@example.com,906bfe9823a3a23f2c44d00beec39e362a93765824ca0f790f7dc4f108f52903,...,2023-10-02,2012-09-30
173,wei.chen@example.com,c9091f39005d16f75603ba9ecb2fb887bed4d22640f8f22da8f096c482289797,...,2023-10-16,2002-04-15
174,yuki.sato@example.com,71af658db6e8bb064efd5363807594420a59450ef174b7c0b1847d169dbfda14,...,2023-10-15,2005-10-20
175,maria.santos@example.com,7ceaa7f996808f3c88c74ac52e7f9d78ae54a53a695bf1f77bc7e0c9b01f8172,...,2023-10-14,2011-07-07
176,liam.smith@example.com,b8a6c386fd957ec3e890e6911c53511ad928ff4564743808e54d9fa44d559623,...,2023-10-13,2015-03-25
177,ella.wilson@example.com,284d9a68ad6caf6c96307f2c40a4e58549f54590260272190525526cdd7739ab,...,2023-10-12,2020-01-10
178,minh.nguyen@example.com,07056aad63272eaf8d6d1c4e9a067cce24c1412ae6907c99f7578460795ad743,...,2023-10-11,2021-12-01
179,xia.wang@example.com,23f4a58b4f89294c39b202f6a7d8a5cd17dc4cc6d44f1515f6d6576a5ad0938a,...,2023-10-10,2000-09-14
180,hiroshi.yamamoto@example.com,17d3b1aa64ea5dd0f4240ad03e9bbbacabb2c85ed6dab7d092b13bd2b3021cab,...,2023-10-09,2005-04-30
181,juan.lopez@example.com,9142e85a4f282e93b79098734bbcc27e29b49a4dca978569d01edfb18e0fb676,...,2023-10-08,2010-06-21
182,olivia.johnson@example.com,6e8efe2ba086838777853fd9084e58ea8c66ba89bc5aad01ed1dff31484c2bb6,...,2023-10-07,2015-11-05
183,jacob.brown@example.com,2f08e7e30f5b79a7a1e3f8f9b45b6ff8564fe81740ab79b23837a7109648c42f,...,2023-10-06,2020-07-29
184,mai.tran@example.com,b85092b2cda3bc1324ecdce3b49d80cdcf039a4b0849991333104cc7112b456a,...,2023-10-05,2022-04-12
185,yun.li@example.com,27aade9884b3b8be2266c3d2701f6aa71c6361534f732af6f1dc270c040f0a0a,...,2023-10-04,2001-08-23
186,makoto.suzuki@example.com,f3a3b14dc6a1951b873684b0f2a40899a6382f0b2a4e9e471de3b3000db35781,...,2023-10-03,2006-12-17
187,luis.garcia@example.com,bd1286d437ceb440beeb17b48064ef5bc1a9939c3f19bf2f28cbe4256bd7b17e,...,2023-10-02,2012-09-30
188,sophie.martin@example.com,2f4a1cbb3c885c5937cf04a3085d6370c3902f4ba86f89da5861f31866486fd1,...,2023-10-01,2017-11-05
189,riley.thompson@example.com,d931f9b18f07dd48951e52c0ef2dec666b0d34bd3d81bc9dc374d83c803fbad1,...,2023-09-30,2021-03-10
190,phong.nguyen@example.com,53af29d372cd105ec7e809c86e42df727ffd9949713bed3bba8a5de0128dd1e6,...,2023-09-29,2017-06-21
191,mei.liu@example.com,19aa704a95f9c60051a986430c15ecb0ce44a0cc681d9324158cb0e9421eb200,...,2023-09-28,2005-01-15
192,hana.kato@example.com,b85bdcd3c7c22984e8997c43534814bcf40d1498613b82142f512d31655945b5,...,2023-09-27,2012-02-28
193,jose.martinez@example.com,af574e13bd6bed9fb98ebed2095b1b39b0f0e985d27f0b37d4b6b84c23f13d19,...,2023-09-26,2018-03-05
194,lucy.wilson@example.com,01741f96bb715b1c6490d36c71ac0c50b1009f914964701d2d75bc24401e2b06,...,2023-09-25,2013-04-01
195,jack.davis@example.com,302ee3ca18d05dbd321be4e23bfbf29a05aca7feff961840a127f8b298da0409,...,2023-09-24,2016-05-15
196,quoc.pham@example.com,af9c61f3734f54f2fbddbd337c9b9f5c03c53c648f0096899549251fc60d5013,...,2023-09-23,2019-06-20
197,ahmed.ali@example.com,3fcae5bc62e67936fc8f63e3cd12ea0d111d736b92729b75f96694554d9b5675,...,2023-10-16,2003-04-15
198,layla.khalid@example.com,0e9eaf831403533bacea8caf35b1bb049cf2f913408de0918e251736abb21ca9,...,2023-10-15,2006-10-20
199,kareem.abbas@example.com,149aaecf4f57f13727293cf3ee3e5280368054ebec05e4da0318120d66018c0f,...,2023-10-14,2012-07-07
200,fatima.hassan@example.com,256a61be0b773758e9539f475e9838213c165c8030f78557e150df281ae4b970,...,2023-10-13,2016-03-25
201,majid.nasr@example.com,3c62a226bdecf415d705844043e40024cfeb90495c72a56d176f60b3ebc8f34e,...,2023-10-12,2021-01-10
202,sara.hussein@example.com,e74cfa8a805bfe957281986d5e6c4b5436f644f5a0a420078e48b958d19e890c,...,2023-10-11,2018-12-01
203,rashid.omar@example.com,fc1879884810ca075b151716867c95cb78f4a7ead2bef20a3609ad91a7448041,...,2023-10-10,2001-09-14
204,yasmin.salem@example.com,79e9a3df816a190b272d4bd42086c43212314556f76be35c284ace1b1ef35f8c,...,2023-10-09,2005-04-30
205,khalid.nasser@example.com,6893776a358b42a426637c523bcabfccdf0424525ff8e7baf4465c6eba2ad857,...,2023-10-08,2010-06-21
206,nadia.zahran@example.com,4d975edb4f2f1dc833fc82d56eae6a10ea9ee1c9e8ac225d9b440a483bf1a8c5,...,2023-10-07,2015-11-05
207,amina.abed@example.com,b383760377c9bace1080b5ec029ec6398624fce5a391d685cab774d78896fdf3,...,2023-10-06,2020-07-29
208,karim.mahmoud@example.com,98eda89f38d027332b88b142333f8714f987bde1adb6145a007412c467d25889,...,2023-10-05,2022-04-12
209,lina.jabir@example.com,b0b652cf55214a97ab99a4e7ab372c27bf4b7ae11cc8a42a828f9793829d35fb,...,2023-10-04,2001-08-23
210,mustafa.said@example.com,a422bcb934b8241284307703b262505db19f66e492998b93bf346c167ba18f24,...,2023-10-03,2006-12-17
211,nour.ismail@example.com,623284d990fcec4c3eaa2592fed9dd6bebe04d3b60e48816440bcca11f12ead9,...,2023-10-02,2012-09-30
212,nadia.issa@example.com,b14269c915b7595c275f8415030a801ee642e6aa969ba2c6685f00e02cb567e0,...,2023-10-01,2017-11-05
213,omar.zadeh@example.com,45262cac01e032edcfa2403b35dc9ab16024fe442c9eb334964a9aea6dca8550,...,2023-09-30,2021-03-10
214,laila.ali@example.com,7e2e39ce652c7cd3e26ff9592228adec576ff96cb39c2dcd70a5b103737a68ef,...,2023-09-29,2017-06-21
215,ali.hadi@example.com,25b32be9a6b739a3a5a881a7d1e3e33ef5782f13bc62794145a118f8e6100c0e,...,2023-09-28,2013-04-01
216,eduardo.gomez@example.com,39242fcdf2099a98d9896dbd48e46b914fd6604f5bf5e3adfd05a8dceca8620a,...,2023-10-16,2002-04-15
217,marina.rodriguez@example.com,729efa08f387aa19f279856ad21336dcebaa13959fd3e0b7db8ff254ab845e72,...,2023-10-15,2004-10-20
218,andres.silva@example.com,acdeb565024fe0b9e75148837eef9958edec579125739bbc8f51dc5016bad11d,...,2023-10-14,2011-07-07
219,isabela.martinez@example.com,24b7af907551df4a1223ddb4392932e191887acfc05c655a7667c3ce7b546470,...,2023-10-13,2016-03-25
220,javier.santos@example.com,a0545ede40aad97111bced0ad1e3f620fdb9c4b0da7fbc3af6fae80795f4ac0d,...,2023-10-12,2020-01-10
221,camila.lopez@example.com,f038a324e896be9f7a994955fa478fa8ae6a0d6afb2b847a7d8f683949733079,...,2023-10-11,2022-12-01
222,diego.fernandez@example.com,147621efed4dc40884afc8f46d7c29b03d956592a50726bb5ec98bba49462f39,...,2023-10-10,2001-09-14
223,natalia.perez@example.com,93087d61916c2e947620ac4e43553d2a3b659e912f87c09dacf7bf1665098555,...,2023-10-09,2005-04-30
224,gabriel.gonzalez@example.com,bf10129ab5d5715629da6c43d8463219b5d7abd56f1bb9f953703a7c9f87f283,...,2023-10-08,2010-06-21
225,luciana.silva@example.com,73916b40a14917674ef751d379788bd5f6dfd94a9f17b38e66fd270bae400798,...,2023-10-07,2015-11-05
226,ricardo.ramos@example.com,23c8d7d6dcda9926ba44fab5f0f8c71f5d08e15bc715e00f1651b63b10e3c485,...,2023-10-06,2020-07-29
227,lara.torres@example.com,ef9aa7f554b9e186a759eb8d61268b1461b9310da1a63562958e06dd36f6548d,...,2023-10-05,2022-04-12
228,paulo.santos@example.com,9bc99673dfe41ba84bc432c51ffd6c241dcf00ad7055e1ff33a7e6d00649b8e0,...,2023-10-04,2002-08-23
229,carla.molina@example.com,2f9b7817592906b91039737b4e56430d409ac09e99e8ca2e076700a8a60a6e26,...,2023-10-03,2007-12-17
230,raul.alvarez@example.com,474863c0f9b7e274c4322d8023070a1c375d368e395c22201e2dc0508900a8a2,...,2023-10-02,2013-09-30
231,manuela.ferreira@example.com,e87673c619350b57be5e0affa3e70ece80f2f19c127db6d86d725678b994da01,...,2023-10-01,2017-04-28
232,adriano.andrade@example.com,2ab5ec2510f75eba70ece84b8ca6de3284548723a0e3c85089cdc606119ab428,...,2023-09-30,2021-01-15
233,raquel.lima@example.com,656aebf659362fbb95cf0131713e005440d036faff9a291af4cfc8789922a52f,...,2023-09-29,2004-06-08
234,fernando.ribeiro@example.com,431ad201adc206cfd42ff21ba7ec2d67d91ed98830cef05dbe602040999f56fb,...,2023-09-28,2008-05-20
235,cristina.mendes@example.com,347f85cd797c82c8af95a74b2975a10feeae70dcf0f4b601a4a22260fea9d758,...,2023-09-27,2012-03-01
236,lucio.costa@example.com,8a1fe9cdb8303d7bb6e702b92fe97577ca6f72d8389fdd4d532c0a453ecb41b0,...,2023-09-26,2016-08-02
237,sofia.fernandes@example.com,aba879d68853eb940a967a050a6f1157b7c880b8fd94a248e811d4ce95a4db22,...,2023-09-25,2018-09-14
238,raul.rocha@example.com,6047b1e823a55f9b92df732f16a9a4b1d3a9ee7f4f7f084990657c0c49d16396,...,2023-09-24,2022-11-29
239,amanda.barbosa@example.com,918c6fe04d0aac086f0f8581390bcacc39b771c0c2ca18cc9b8e56f5a624a092,...,2023-09-23,2003-01-30
240,hugo.santana@example.com,eabb0c1ffd1bab4b4bd0d90d8a91f01e557fe890a79a98321efa22ceb8a29ef9,...,2023-09-22,2008-12-19
241,ana.gomes@example.com,356ac6f79d4dddc9cb4a304f4b6f39ab756c8b6e233be7274b92e7c18fe62d6e,...,2023-09-21,2014-05-27
242,ricardo.cardoso@example.com,273a66d7c9d5dd35bb9555676938fcec46ef5cb65ca5ad816a6ed72e17681789,...,2023-09-20,2019-10-11
243,nadia.cunha@example.com,eac875299d145ef20952705c098970a37987d374a9108599d6007f291be683d3,...,2023-09-19,2020-02-14
244,sophiaa.schmidt@example.com,ba4e72fc09bf889429e7bb24514ae739d1f24878895a7937bc5e9e1f1b6aa219,...,2023-10-16,2001-04-15
245,lucas.rossi@example.com,8902098ed8568385876bcc5d4721403ff36f58b9a2c57c85b5522fd52b195e66,...,2023-10-15,2004-10-20
246,elenaS.ivanova@example.com,eaf747132c548e9609695e429c11570b5ca3f91677be4cf8a0614c5e04420a87,...,2023-10-14,2011-07-07
247,oliver.lund@example.com,a34c5eea5186249cfd422740b696d3f2b6306dbe504ca1f0f3f368feac0cbdc3,...,2023-10-13,2016-03-25
248,sophie.dupont@example.com,d6722e7ea3c24682489a3689284b84f1e8f25de823d013d6ca8bb6afc02d679e,...,2023-10-12,2020-01-10
249,sebastian.kowalski@example.com,be177b184bba9c17817fc2ce87234ced3a3ae1e27cec3e65f76dfc9166abbcf5,...,2023-10-11,2022-12-01
250,alessia.conti@example.com,2321f7ede5bd78005d6e05fe7d8ca5220f49800e53decf072b1f832c401e6ef4,...,2023-10-10,2001-09-14
251,miguel.sousa@example.com,7bf9aa487cefaab35dba42e5ba0d56084d0be524ae63f4b38862227135df219d,...,2023-10-09,2005-04-30
252,viktor.novak@example.com,d09094752130d9e36789650963fcb8ee16ca2dafea72ca01bddf277bb081c6fe,...,2023-10-08,2010-06-21
253,lena.muller@example.com,3bcf0e3afd3c0cb517cfe11ea2e81f82a0d8583827a6844676097b4716414eb1,...,2023-10-07,2015-11-05
254,lukas.kovacs@example.com,346d932f0e417d32a0268f302457d09c7d7d58dc492450c166f7609c6f9618fb,...,2023-10-06,2020-07-29
255,ava.smith@example.com,8a6ed0b883b6bdac21864e5b4a3ab8c52d21f1e8d18f24c22e799cb56259ff34,...,2023-10-05,2022-04-12
256,luisS.garcia@example.com,91e7233c2238e09d4cc36d32df8b5dec88c6a2ced00bcc7d62928113c9a73479,...,2023-10-04,2002-08-23
257,elina.rantanen@example.com,a090968a67b0ab3b071d8c01b4a34ee9f9e5fff246cd7d7de15de2873d8339d7,...,2023-10-03,2007-12-17
258,leo.martin@example.com,443e0e3dbb0a2d935d1af3281166b896b1cc0919cc9f572593cbb7fee1d0be14,...,2023-10-02,2013-09-30
259,julia.berg@example.com,8da85cff05cb3941a987236e8ea08af697c8ad761e8176dea4bbabc798d61679,...,2023-10-01,2017-04-28
260,marco.bianchi@example.com,4d1031883cc1309ebaad1d5295c9524d2afab921a8c98dc7f94907d3c449be35,...,2023-09-30,2021-01-15
261,marta.silva@example.com,cf93a223ca2340babbe6157fdff95e653b6268a1bc1252094a1640ff1902c871,...,2023-09-29,2004-06-08
262,konstantin.ivanov@example.com,91e79f0a947093424ce9dea8c811033144cbf0f7da52d0d60610667c39a38e08,...,2023-09-28,2008-05-20
263,evelyn.schmidt@example.com,07f49c7c525c55a1bc440a37d56507700780054b2322c808221314f849a84454,...,2023-09-27,2012-03-01
264,filipe.dias@example.com,5afd6574f00d8e90588ed1f1ab5f61200ed473d2edd2fade1c5d105818b3805c,...,2023-09-26,2016-08-02
265,alex.ionescu@example.com,b8026a1ae191cd0e6c3c35475bc7552233c9d82742acef1ba4ba4d5dc30e422d,...,2023-09-25,2018-09-14
266,olgaa.petrova@example.com,1f1c32e2a39c0d33a98253919227ca3c2be814feff72175f6af3de4a3c5fce85,...,2023-09-24,2022-11-29
267,lukas.hoffmann@example.com,8ed1ae1ac4e65b17ce90ce1e04a2244dd826a19349a62fe5fec3b4b468bad9a0,...,2023-09-23,2003-01-30
268,elena.rusu@example.com,d183220e0c3d8c7e62890f190ffa93477d6b7ff3996a71c8c64dcc72f9525ee2,...,2023-09-22,2002-03-22
269,sara.lopez@example.com,df51b06ea3be168f88106372e54dd0677ef374bee277eee0acc9762f19ae3784,...,2023-09-21,2007-10-16
270,leo.makinen@example.com,ba5ae7378795e7070ef6aef901d5b8f90f83544d373dff611a4fa0118223d14e,...,2023-09-20,2014-07-21
271,emma.nieminen@example.com,0dd1c655cc764af59ab2c0ee7eef5fb4324a976ef09d0e5cdec7cd1f9272c48f,...,2023-09-19,2019-08-24
272,sophia.schmidt@example.com,15f44bb7b4d118fd3b8e422290491f64f8bf4064ea5e4f34af2bbac3b1bbc6e2,...,2023-10-16,2001-04-15
273,lucasS.rossi@example.com,0b20a9754b90f76cc127b70c4c8d019bd60c4f2d39efe000364323adc540eee5,...,2023-10-15,2004-10-20
274,elena.ivanova@example.com,e6045d2130b3a5c76942fca7a8d0870b50d7377e4f5282257a23bd1c4534f39f,...,2023-10-14,2011-07-07
275,olivera.lund@example.com,2cdcd3af6f6c6c4968802bf50f1d09f547f1a5816088079e92613d4289ed854a,...,2023-10-13,2016-03-25
276,sophiee.dupont@example.com,3b862c3f4f03b66550651ea7f5c9535df695bd63443babd25bf03e4b56b3118e,...,2023-10-12,2020-01-10
277,sebastiane.kowalski@example.com,1080fd973a4a0828340c8f6b0ae2114d7532032670dccabd38b63e95753d411a,...,2023-10-11,2022-12-01
278,alessia2.conti@example.com,79c3942502aa6038f9bd390051129c9c5383f3c0f7c3ee27b7bbc1af0770c16c,...,2023-10-10,2001-09-14
279,miguel.Ssousa@example.com,3071ef70f4e7bb4d588b6d0daa59006c2b94972f4af34029bc9b1a53a612568f,...,2023-10-09,2005-04-30
280,viktore.novak@example.com,3d59f2fb55f39909fd0f3771951d97302b15682f963c50ab983b0b425f7f5433,...,2023-10-08,2010-06-21
281,lenaS.muller@example.com,863099a911d2f784819057b78b3025702fdbacfafaa862c86df7c8e6c326f896,...,2023-10-07,2015-11-05
282,lukasS.kovacs@example.com,1eb855126c0269d14b8a1adf0eed2b3f7d9ad13eb218b538f9f0625526e25372,...,2023-10-06,2020-07-29
283,ava2.smith@example.com,c5222c57a71db093ebb58935bfd71f17e612c2df7e22e0a86b359d024850d637,...,2023-10-05,2022-04-12
284,luisSS.garcia@example.com,9fde532f2d6a0454e42a0114905734043ad44bb8d94f976ff49a4b0b6d46b21f,...,2023-10-04,2002-08-23
285,elinaS.rantanen@example.com,73be097fa8b5f5fdab6971647bf49394c61adca6dbe1a99456a3ddf9dd82bde7,...,2023-10-03,2007-12-17
286,leoS.martin@example.com,0eda54b20f341a6627c70fcc9b08964a17196674a61c1ffbb776f13b34861fa8,...,2023-10-02,2013-09-30
287,juliaS.berg@example.com,7b323e34d35f4e06262f7fc89151b0712f57abaa6d133e9a9866d252c2378fc5,...,2023-10-01,2017-04-28
288,marcoS.bianchi@example.com,3c31a7276c912b3f7bfe8c63d52ef8bbfd90d07c8ecba50ab3ceb2349f5ce3c1,...,2023-09-30,2021-01-15
289,martaS.silva@example.com,4c7565720f2e3c236cfce85dd4815c62b58fbeb4eb04f8b447a8b70a91ef84ac,...,2023-09-29,2004-06-08
290,konstantinS.ivanov@example.com,6c1db7278e4d1df7b5bbdc9ac3d57bf9e321a1e14bfba54763b8f5158e933f7c,...,2023-09-28,2008-05-20
291,evelynS.schmidt@example.com,b9da469b09df784ebc1fbaf96f93eacd5caa00ef5a95e398482883508e8869cc,...,2023-09-27,2012-03-01
292,filipeS.dias@example.com,979f492439dc14252e9cce4e249a553c29d3611ae358428009eca4628a24e668,...,2023-09-26,2016-08-02
293,alex2.ionescu@example.com,d35de1b6b5ad7b6c1e98a2890efa45d67b19ea60eeee5c1e89c295d64044a146,...,2023-09-25,2018-09-14
294,olga.petrova@example.com,595ba7ba3f1342c7438a093f50c9b0be434eeb4130abe4c137d56f0e91c007d3,...,2023-09-24,2022-11-29
295,lukasS.hoffmann@example.com,d3bb40f4e0e9e92e2b027b6f7e091d8651868e3fb1990c9bbac349edf7680f43,...,2023-09-23,2003-01-30
296,elenaS.rusu@example.com,ba81c8695090290e7dc5e60ed5bccb25255ac8fbf880ffcfe6cc6fa43c5eb171,...,2023-09-22,2002-03-22
297,saraa.lopez@example.com,c77c6a6e52d1cd14d53c4e551aaa8c62082ba06d20d8413f48fddc99a1aad004,...,2023-09-21,2007-10-16
298,leoS.makinen@example.com,1aabd15fd1afadfa3c627343a5fdf62179c49c73b351f8024a1c6960396496d9,...,2023-09-20,2014-07-21
299,emmaS.nieminen@example.com,dfb2014d17807ff4a6370af09764ee26c9e39a7d8398aac45dea5ff81736d598,...,2023-09-19,2019-08-24
300,liam.jensen@example.com,27a79fd7b1152d01fa5152806684ba03f095df458d51a379b89e1754c4a7eeb0,...,2023-10-16,2001-04-15
301,emma.johansson@example.com,c4e7483172609b90a0f399993d808a74aeb43568825274ebfab9dc793feda507,...,2023-10-15,2004-10-20
302,oliver.sorensen@example.com,0f535142ffd8faf1c1235ce282b9d67b848f77353505027d7f14125beffcfa38,...,2023-10-14,2011-07-07
303,freya.nielsen@example.com,a7f870c6d52c8b630357198bc8f8b075cdf7b088f5e7a6213d414b224a936e3b,...,2023-10-13,2016-03-25
304,noah.madsen@example.com,e532af2f1d0a475f9a343851c48c0c22f70bffa325b7fab5153f397fc892b7db,...,2023-10-12,2020-01-10
305,hanna.gustavsson@example.com,6a002b4753bec97ada5112ba90167ac368f43a942f45d11673093856fe9e65bd,...,2023-10-11,2022-12-01
306,sebastian.larsen@example.com,c570498025643f1546f7a6da555f61c5e0e577038766d0c5b2311cc5fc4ef24c,...,2023-10-10,2001-09-14
307,ella.pedersen@example.com,406dd12989ebddc0a69f03679f49dea8ea56264a8634cf74c54dd16ca5893658,...,2023-10-09,2005-04-30
308,lucas.olsen@example.com,2b3ef743db0f7b244225fa83e6a79e6363393d9208737147f8afcf638a728332,...,2023-10-08,2010-06-21
515,ancesokO@example.com,0edc5cce3fd11770f11fa2f7b8b4aed63daff47bfbb79422f6eeb4e003dd1201,...,2023-10-30,2023-10-30
516,elfamurcielago@example.com,5ec71bfc73cab6d3013cad44a296ca8bccb42a227a16256827230241110b4d58,...,2023-10-31,2023-10-31
517,ronisol@example.com,a0d9277775f6c8f06d1b6ee0bb35d8a9785fe650e845ed5425614883cd9c3f3c,...,2023-10-31,2023-10-31
518,cassandraverde@example.com,39db906db6b65157b50fc4adc283e0ca49e2715ceb0469eea8de66d4a3bd0b1c,...,2023-10-31,2023-10-31
519,robertstiffler@example.com,97feeb19c77d84c23ceb261a40af9623e80f7b13e0413e6d56299554be7a385f,...,2023-10-31,2023-10-31
520,rosaliapascua@example.com,5b7ba38b7667aeccebd0646c072b6d298bddcbeb15c4753e137e518534ba15cd,...,2023-10-31,2023-10-31
